CVE,Patch,Source CVE,Original reference from the source CVE report
CVE-2020-0014,https://android.googlesource.com/platform/frameworks/base/+/d885c3279f3fecb2c08e382c733a440113dae644%5E%21/,CVE-2020-0005,https://source.android.com/security/bulletin/2020-02-01
CVE-2020-0015,https://android.googlesource.com/platform/packages/apps/CertInstaller/+/bdf1dc655cf226d10077e0926049bac0aed0127e%5E%21/,CVE-2020-0005,https://source.android.com/security/bulletin/2020-02-01
CVE-2019-2200,https://android.googlesource.com/platform/frameworks/base/+/aa2ffea8baea65c13ac2b841b3d581f28261dd2b%5E%21/,CVE-2020-0005,https://source.android.com/security/bulletin/2020-02-01
CVE-2020-0017,https://android.googlesource.com/platform/frameworks/base/+/721e4d085ca3d1dc5826c0ba71615529f544d7f7%5E%21/,CVE-2020-0005,https://source.android.com/security/bulletin/2020-02-01
CVE-2020-0017,https://android.googlesource.com/platform/frameworks/base/+/ea4bce75cfebd7cef90b1e483d752b252f09333c%5E%21/,CVE-2020-0005,https://source.android.com/security/bulletin/2020-02-01
CVE-2020-0018,https://android.googlesource.com/platform/frameworks/native/+/7fb8682cbf494e3f1d5c79ebfbd9b020e1191679%5E%21/,CVE-2020-0005,https://source.android.com/security/bulletin/2020-02-01
CVE-2020-0020,https://android.googlesource.com/platform/frameworks/base/+/aa68a4f19e6a122b80ca1bcff57228dc795081e5%5E%21/,CVE-2020-0005,https://source.android.com/security/bulletin/2020-02-01
CVE-2020-0021,https://android.googlesource.com/platform/frameworks/base/+/859ead528cd09f6fdf3a85df390745054058d12c%5E%21/,CVE-2020-0005,https://source.android.com/security/bulletin/2020-02-01
CVE-2020-0021,https://android.googlesource.com/platform/frameworks/base/+/fab928923c8255626049e6f459105d2e4c715384%5E%21/,CVE-2020-0005,https://source.android.com/security/bulletin/2020-02-01
CVE-2020-0021,https://android.googlesource.com/platform/frameworks/base/+/f5a3d382a97ef26fefbd15cd02c9993e77f7b813%5E%21/,CVE-2020-0005,https://source.android.com/security/bulletin/2020-02-01
CVE-2020-0022,https://android.googlesource.com/platform/system/bt/+/3cb7149d8fed2d7d77ceaa95bf845224c4db3baf%5E%21/,CVE-2020-0005,https://source.android.com/security/bulletin/2020-02-01
CVE-2020-0023,https://android.googlesource.com/platform/packages/apps/Bluetooth/+/0d8307f408f166862fbd6efb593c4d65906a46ae%5E%21/,CVE-2020-0005,https://source.android.com/security/bulletin/2020-02-01
CVE-2020-0005,https://android.googlesource.com/platform/system/bt/+/771571f69ab9498e9104db3c5c367f1def0a5146%5E%21/,CVE-2020-0005,https://source.android.com/security/bulletin/2020-02-01
CVE-2020-0026,https://android.googlesource.com/platform/frameworks/native/+/daf29a6dbfafc6c06654a3878c0ad2a7f8ebc063%5E%21/,CVE-2020-0005,https://source.android.com/security/bulletin/2020-02-01
CVE-2020-0027,https://android.googlesource.com/platform/hardware/libhardware/+/2526448930008792615f8b8a718ad09f19390025%5E%21/,CVE-2020-0005,https://source.android.com/security/bulletin/2020-02-01
CVE-2020-0028,https://android.googlesource.com/platform/frameworks/base/+/0929eb918071c1e76fd41b677af0973412f8a098%5E%21/,CVE-2020-0005,https://source.android.com/security/bulletin/2020-02-01
CVE-2020-0028,https://android.googlesource.com/platform/frameworks/base/+/b66ddb8e5d08324ab3fc068861cd029a8ffba1b8%5E%21/,CVE-2020-0005,https://source.android.com/security/bulletin/2020-02-01
CVE-2020-0030,https://android.googlesource.com/kernel/common/+/5eeb2ca0%5E%21/,CVE-2020-0005,https://source.android.com/security/bulletin/2020-02-01
CVE-2019-11599,https://android.googlesource.com/kernel/common/+/04f5866e41fb70690e28397487d8bd8eea7d712a%5E%21/,CVE-2020-0005,https://source.android.com/security/bulletin/2020-02-01
CVE-2019-11599,https://android.googlesource.com/kernel/common/+/3378ce511d7a792ddf0d69d11ce5e284309893fd%5E%21/,CVE-2020-0005,https://source.android.com/security/bulletin/2020-02-01
CVE-2019-14044,https://source.codeaurora.org/quic/la/kernel/msm-4.9/commit/?id=9c3d819d2d9563779fd1daa4eefef8628de22a86,CVE-2020-0005,https://source.android.com/security/bulletin/2020-02-01
CVE-2019-14046,https://source.codeaurora.org/quic/la/kernel/msm-4.9/commit/?id=a2198a95c0a1a319bb6d7ed9fefa1b5e905e6418,CVE-2020-0005,https://source.android.com/security/bulletin/2020-02-01
CVE-2019-14049,https://source.codeaurora.org/quic/la/kernel/msm-4.14/commit/?id=31142010ccaf6ddad331a7919a7fbf3da80b8359,CVE-2020-0005,https://source.android.com/security/bulletin/2020-02-01
CVE-2019-14049,https://source.codeaurora.org/quic/la/kernel/msm-4.9/commit/?id=e8d9006612136f93811638c267d8375c55a88437,CVE-2020-0005,https://source.android.com/security/bulletin/2020-02-01
CVE-2019-14049,https://source.codeaurora.org/quic/la/kernel/msm-4.4/commit/?id=5f7eaf83d,CVE-2020-0005,https://source.android.com/security/bulletin/2020-02-01
CVE-2019-14055,https://source.codeaurora.org/quic/la/kernel/msm-4.9/commit/?id=c0cb074983060d6ff46e312a9db81fde869cd63b,CVE-2020-0005,https://source.android.com/security/bulletin/2020-02-01
CVE-2019-14063,https://source.codeaurora.org/quic/la/platform/vendor/opensource/audio-kernel/commit/?id=bab05c57cb51aee957a1fe926c7d3c54378acb6a,CVE-2020-0005,https://source.android.com/security/bulletin/2020-02-01
CVE-2019-10567,https://source.codeaurora.org/quic/la/kernel/msm-4.4/commit/?id=1aa9c68484c49a7357c0835b38fa1581bb7d6865,CVE-2020-0005,https://source.android.com/security/bulletin/2020-02-01
CVE-2019-10567,https://source.codeaurora.org/quic/la/kernel/msm-4.14/commit/?id=fb37ff663a3d28e3a07549b074c54feb3e4376b5,CVE-2020-0005,https://source.android.com/security/bulletin/2020-02-01
CVE-2019-10567,https://source.codeaurora.org/quic/la/kernel/msm-4.14/commit/?id=a8acbcb0,CVE-2020-0005,https://source.android.com/security/bulletin/2020-02-01
CVE-2020-0009,NA,CVE-2020-0009,https://packetstormsecurity.com/files/155903/Android-ashmem-Read-Only-Bypasses.html
CVE-2020-0096,https://android.googlesource.com/platform/frameworks/base/+/a952197bd161ac0e03abc6acb5f48e4ec2a56e9d%5E%21/,CVE-2020-0024,https://source.android.com/security/bulletin/2020-05-01
CVE-2020-0096,https://android.googlesource.com/platform/frameworks/base/+/7fc95f204527ee079c5891d56c969668f0b35a0b%5E%21/,CVE-2020-0024,https://source.android.com/security/bulletin/2020-05-01
CVE-2020-0097,https://android.googlesource.com/platform/frameworks/base/+/8d0ae5c65cbcd72a820215eaeb50fcbc0dc531a8%5E%21/,CVE-2020-0024,https://source.android.com/security/bulletin/2020-05-01
CVE-2020-0097,https://android.googlesource.com/platform/frameworks/base/+/f98e1086f5a039d98becf7203367b663e72d09f5%5E%21/,CVE-2020-0024,https://source.android.com/security/bulletin/2020-05-01
CVE-2020-0097,https://android.googlesource.com/platform/frameworks/base/+/058cafe0c1f61e8edd25ba22e2c8e73a43c5d4ad%5E%21/,CVE-2020-0024,https://source.android.com/security/bulletin/2020-05-01
CVE-2020-0098,https://android.googlesource.com/platform/frameworks/base/+/5deb172bf4d9e2b80cda0b8dd5d2b0573e1c86e9%5E%21/,CVE-2020-0024,https://source.android.com/security/bulletin/2020-05-01
CVE-2020-0094,https://android.googlesource.com/platform/frameworks/av/+/64212a424b4819efb3b6c66e14f6b2b1b1023d4f%5E%21/,CVE-2020-0024,https://source.android.com/security/bulletin/2020-05-01
CVE-2020-0093,https://android.googlesource.com/platform/external/libexif/+/0335ffc17f9b9a4831c242bb08ea92f605fde7a6%5E%21/,CVE-2020-0024,https://source.android.com/security/bulletin/2020-05-01
CVE-2020-0100,https://android.googlesource.com/platform/frameworks/av/+/cf4c5675c2c7ab822ed1ff12350c78575153f3cb%5E%21/,CVE-2020-0024,https://source.android.com/security/bulletin/2020-05-01
CVE-2020-0101,https://android.googlesource.com/platform/frameworks/av/+/63889889c06e95529432177c457d6cdb4fcecac8%5E%21/,CVE-2020-0024,https://source.android.com/security/bulletin/2020-05-01
CVE-2020-0103,https://android.googlesource.com/platform/system/bt/+/89321d6f0d47724dc7f0c17f7d7302d1fe75086b%5E%21/,CVE-2020-0024,https://source.android.com/security/bulletin/2020-05-01
CVE-2020-0102,https://android.googlesource.com/platform/system/bt/+/6b7373a32e0a0628b497c1fbec5141ca47ef61b5%5E%21/,CVE-2020-0024,https://source.android.com/security/bulletin/2020-05-01
CVE-2020-0109,https://android.googlesource.com/platform/frameworks/base/+/adc39de3a148a2058d63bd7a1b8b71ee0a3524ac%5E%21/,CVE-2020-0024,https://source.android.com/security/bulletin/2020-05-01
CVE-2020-0105,https://android.googlesource.com/platform/system/security/+/1642dc003964aed54724d17d840f883f0537cebd%5E%21/,CVE-2020-0024,https://source.android.com/security/bulletin/2020-05-01
CVE-2020-0024,https://android.googlesource.com/platform/packages/apps/Settings/+/3c6a3011fa797bc00e5246b04e961847c0e60a1c%5E%21/,CVE-2020-0024,https://source.android.com/security/bulletin/2020-05-01
CVE-2020-0024,https://android.googlesource.com/platform/packages/apps/Settings/+/abe9cee25ecda73b84c6baad1fa631bf3a47572b,CVE-2020-0024,https://source.android.com/security/bulletin/2020-05-01
CVE-2020-0092,https://android.googlesource.com/platform/frameworks/base/+/2a81aed66366c2d38feb7be05d355ff819e60355%5E%21/,CVE-2020-0024,https://source.android.com/security/bulletin/2020-05-01
CVE-2020-0106,https://android.googlesource.com/platform/packages/services/Telephony/+/460a6de550d7e78ffb3032b92fdb05845c10ef06%5E%21/,CVE-2020-0024,https://source.android.com/security/bulletin/2020-05-01
CVE-2020-0104,https://android.googlesource.com/platform/frameworks/base/+/576c4d816c8efe8b9bf7dc88880d8ccde3beacee%5E%21/,CVE-2020-0024,https://source.android.com/security/bulletin/2020-05-01
CVE-2020-0110,https://android-review.googlesource.com/c/kernel/common/+/1243775/2/kernel/sched/psi.c,CVE-2020-0024,https://source.android.com/security/bulletin/2020-05-01
CVE-2019-19536,https://git.kernel.org/pub/scm/linux/kernel/git/torvalds/linux.git/diff/drivers/net/can/usb/peak_usb/pcan_usb_pro.c?id=ead16e53c2f0ed946d82d4037c630e2f60f4ab69,CVE-2020-0024,https://source.android.com/security/bulletin/2020-05-01
CVE-2019-14053,https://source.codeaurora.org/quic/la/kernel/msm-4.9/diff/?h=CogSystems-msm-49/msm-4.9&id=a7afe21e5d65c74c7eacb6e577fa5cf78f8685fd,CVE-2020-0024,https://source.android.com/security/bulletin/2020-05-01
CVE-2019-14087,https://source.codeaurora.org/quic/la/platform/hardware/qcom/display/diff/?id=576a22370f673ac9aacc1d677a9a9d2a46ed05d2,CVE-2020-0024,https://source.android.com/security/bulletin/2020-05-01
CVE-2020-3610,https://source.codeaurora.org/quic/la/kernel/msm-4.9/diff/?h=CogSystems-msm-49/msm-4.9&id=ae24933f4e3fd58ecbdd1463004f6112e7482793,CVE-2020-0024,https://source.android.com/security/bulletin/2020-05-01
CVE-2020-3610,https://source.codeaurora.org/quic/la/kernel/msm-3.18/diff/?h=LA.BR.5.6&id=f7302f8f1faa9707e2910240e81b2f13a242b518,CVE-2020-0024,https://source.android.com/security/bulletin/2020-05-01
CVE-2020-3615,https://source.codeaurora.org/quic/la/platform/vendor/qcom-opensource/wlan/qcacld-3.0/diff/?id=8874df976ef96d715ea55d09676ff7b7fd338b13,CVE-2020-0024,https://source.android.com/security/bulletin/2020-05-01
CVE-2020-3615,https://source.codeaurora.org/quic/la/platform/vendor/qcom-opensource/wlan/qcacld-3.0/diff/?id=7d26ce95237b080353500f372c6aab29973227a4,CVE-2020-0024,https://source.android.com/security/bulletin/2020-05-01
CVE-2020-3615,https://source.codeaurora.org/quic/le/platform/vendor/qcom-opensource/wlan/qcacld-2.0/diff/?h=qcacld-2.0/CHSS.LNX_FSL.2.1_rb1.4&id=1c2fcb1ea491301a8fb455d8c7fd2238c23dfc3d,CVE-2020-0024,https://source.android.com/security/bulletin/2020-05-01
CVE-2020-3630,https://source.codeaurora.org/quic/la/kernel/msm-4.14/diff/?h=CogSystems-msm-414/msm-4.9&id=930959cc4bda673339f28e52110980cbdbec447a,CVE-2020-0024,https://source.android.com/security/bulletin/2020-05-01
CVE-2020-3630,https://source.codeaurora.org/quic/la/kernel/msm-4.9/diff/?h=CogSystems-msm-49/msm-4.9&id=056eb4a22db429af8445ee5aeda9976afdc86e98,CVE-2020-0024,https://source.android.com/security/bulletin/2020-05-01
CVE-2020-3680,https://source.codeaurora.org/quic/la/kernel/msm-4.9/diff/?h=CogSystems-msm-49/msm-4.9&id=dc2091e9e4af87e8edaa328ec3a7192198b75669,CVE-2020-0024,https://source.android.com/security/bulletin/2020-05-01
CVE-2020-0045,https://android.googlesource.com/platform/frameworks/base/+/0c4a21e4eaef1b60a1860d889bc37c81437cb055%5E%21/,CVE-2020-0050,https://source.android.com/security/bulletin/pixel/2020-03-01
CVE-2020-0084,https://android.googlesource.com/platform/frameworks/base/+/adc39de3a148a2058d63bd7a1b8b71ee0a3524ac%5E%21/,CVE-2020-0050,https://source.android.com/security/bulletin/pixel/2020-03-01
CVE-2020-0087,https://android.googlesource.com/platform/frameworks/base/+/58db75e8827653df1db75b33e9198aac213aeef9%5E%21/,CVE-2020-0050,https://source.android.com/security/bulletin/pixel/2020-03-01
CVE-2020-0087,https://android.googlesource.com/platform/frameworks/base/+/8c76d91bd21135f63ef5e8756b1a2e342e81413f%5E%21/,CVE-2020-0050,https://source.android.com/security/bulletin/pixel/2020-03-01
CVE-2020-0046,https://android.googlesource.com/platform/frameworks/av/+/3ae43b0ae940eb860fe03a4db6a17fefa155807a%5E%21/,CVE-2020-0050,https://source.android.com/security/bulletin/pixel/2020-03-01
CVE-2020-0047,https://android.googlesource.com/platform/frameworks/base/+/5e851cf9d895ec23e52dc32a6091480e584d0980%5E%21/,CVE-2020-0050,https://source.android.com/security/bulletin/pixel/2020-03-01
CVE-2020-0048,https://android.googlesource.com/platform/frameworks/av/+/18824a94a8114661456a103465b291fed336ab39%5E%21/,CVE-2020-0050,https://source.android.com/security/bulletin/pixel/2020-03-01
CVE-2020-0049,https://android.googlesource.com/platform/frameworks/av/+/1eba80de4e733a5222459020517ed93327966640%5E%21/,CVE-2020-0050,https://source.android.com/security/bulletin/pixel/2020-03-01
CVE-2020-0050,https://android.googlesource.com/platform/system/nfc/+/12a0f1aaaf796ab7578d06cb1626cf0a1ee5cbd3%5E%21/,CVE-2020-0050,https://source.android.com/security/bulletin/pixel/2020-03-01
CVE-2020-0051,https://android.googlesource.com/platform/packages/apps/Settings/+/a74060c1b7002edcc6d2747addc1dfb61aa98cbb%5E%21/,CVE-2020-0050,https://source.android.com/security/bulletin/pixel/2020-03-01
CVE-2020-0052,https://android.googlesource.com/platform/packages/apps/Dialer/+/41606094d4330d2e79177b3a09dacb5390421eac%5E%21/,CVE-2020-0050,https://source.android.com/security/bulletin/pixel/2020-03-01
CVE-2020-0053,https://android.googlesource.com/platform/hardware/interfaces/+/5039b6099ea82f158f1318fd2be3a141dd0bd54e%5E%21/,CVE-2020-0050,https://source.android.com/security/bulletin/pixel/2020-03-01
CVE-2020-0054,https://android.googlesource.com/platform/frameworks/base/+/7c8fce66abaf128339db09ac11eefa9ccdd1f257%5E%21/,CVE-2020-0050,https://source.android.com/security/bulletin/pixel/2020-03-01
CVE-2020-0054,https://android.googlesource.com/platform/frameworks/base/+/66a71e55b30ac3e917ae04ed5273b978d340d7b2%5E%21/,CVE-2020-0050,https://source.android.com/security/bulletin/pixel/2020-03-01
CVE-2020-0085,https://android.googlesource.com/platform/system/bt/+/3c705a8575f1954e3ef9e2e39736c58079f47be2%5E%21/,CVE-2020-0050,https://source.android.com/security/bulletin/pixel/2020-03-01
CVE-2020-0055,https://android.googlesource.com/platform/system/bt/+/bdad5e7f13b809c4887fb9126f8633a7893b7bed%5E%21/,CVE-2020-0050,https://source.android.com/security/bulletin/pixel/2020-03-01
CVE-2020-0056,https://android.googlesource.com/platform/system/bt/+/856262c9237db2c48b4a84871b17087b2dd1f2ec%5E%21/,CVE-2020-0050,https://source.android.com/security/bulletin/pixel/2020-03-01
CVE-2020-0057,https://android.googlesource.com/platform/system/bt/+/153e2d50c1e8c52a27c3a954a77664d576b96b82%5E%21/,CVE-2020-0050,https://source.android.com/security/bulletin/pixel/2020-03-01
CVE-2020-0058,https://android.googlesource.com/platform/system/bt/+/0c3b124c24d2af23756507139c96329dbb3fea6b%5E%21/,CVE-2020-0050,https://source.android.com/security/bulletin/pixel/2020-03-01
CVE-2020-0059,https://android.googlesource.com/platform/system/bt/+/12878c73d7c8fd8c5543709d8b38a91e565ad1fc%5E%21/,CVE-2020-0050,https://source.android.com/security/bulletin/pixel/2020-03-01
CVE-2020-0060,https://android.googlesource.com/platform/packages/providers/TelephonyProvider/+/9ef0f281a404fae4600f7567fb19d2c0b74bd54a%5E%21/,CVE-2020-0050,https://source.android.com/security/bulletin/pixel/2020-03-01
CVE-2020-0083,https://android.googlesource.com/platform/frameworks/opt/net/wifi/+/d396b0aba9a8157a3367dc683937087dd9f14da1%5E%21/,CVE-2020-0050,https://source.android.com/security/bulletin/pixel/2020-03-01
CVE-2019-10126,https://lore.kernel.org/linux-wireless/20190531131841.7552-1-tiwai@suse.de/#Z30drivers:net:wireless:marvell:mwifiex:ie.c,CVE-2020-0050,https://source.android.com/security/bulletin/pixel/2020-03-01
CVE-2019-17133,https://patchwork.kernel.org/patch/11173969/,CVE-2020-0050,https://source.android.com/security/bulletin/pixel/2020-03-01
CVE-2019-3846,https://lore.kernel.org/linux-wireless/20190529125220.17066-1-tiwai@suse.de/#r,CVE-2020-0050,https://source.android.com/security/bulletin/pixel/2020-03-01
CVE-2019-3846,https://lore.kernel.org/linux-wireless/20190529125220.17066-2-tiwai@suse.de/#Z30drivers:net:wireless:marvell:mwifiex:scan.c,CVE-2020-0050,https://source.android.com/security/bulletin/pixel/2020-03-01
CVE-2019-3846,https://lore.kernel.org/linux-wireless/20190529125220.17066-3-tiwai@suse.de/#Z30drivers:net:wireless:marvell:mwifiex:scan.c,CVE-2020-0050,https://source.android.com/security/bulletin/pixel/2020-03-01
CVE-2019-14815,https://lore.kernel.org/linux-wireless/20190828020751.13625-1-huangwenabc@gmail.com/,CVE-2020-0050,https://source.android.com/security/bulletin/pixel/2020-03-01
CVE-2019-15926,https://git.kernel.org/pub/scm/linux/kernel/git/torvalds/linux.git/diff/?id=5d6751eaff672ea77642e74e92e6c0ac7f9709ab,CVE-2020-0050,https://source.android.com/security/bulletin/pixel/2020-03-01
CVE-2019-13272,https://git.kernel.org/pub/scm/linux/kernel/git/torvalds/linux.git/diff/?id=6994eefb0053799d2e07cd140df6c2ea106c41ee,CVE-2020-0050,https://source.android.com/security/bulletin/pixel/2020-03-01
CVE-2019-13631,https://patchwork.kernel.org/patch/11040813/,CVE-2020-0050,https://source.android.com/security/bulletin/pixel/2020-03-01
CVE-2019-14821,https://git.kernel.org/pub/scm/linux/kernel/git/torvalds/linux.git/diff/?id=b60fe990c6b0,CVE-2020-0050,https://source.android.com/security/bulletin/pixel/2020-03-01
CVE-2019-15211,https://git.kernel.org/pub/scm/linux/kernel/git/torvalds/linux.git/diff/?id=c666355e60ddb4748ead3bdd983e3f7f2224aaf0,CVE-2020-0050,https://source.android.com/security/bulletin/pixel/2020-03-01
CVE-2019-15212,https://git.kernel.org/pub/scm/linux/kernel/git/torvalds/linux.git/diff/?id=3864d33943b4a76c6e64616280e98d2410b1190f,CVE-2020-0050,https://source.android.com/security/bulletin/pixel/2020-03-01
CVE-2019-15213,https://git.kernel.org/pub/scm/linux/kernel/git/torvalds/linux.git/diff/?id=6cf97230cd5f36b7665099083272595c55d72be7,CVE-2020-0050,https://source.android.com/security/bulletin/pixel/2020-03-01
CVE-2019-15215,https://git.kernel.org/pub/scm/linux/kernel/git/torvalds/linux.git/diff/?id=eff73de2b1600ad8230692f00bc0ab49b166512a,CVE-2020-0050,https://source.android.com/security/bulletin/pixel/2020-03-01
CVE-2019-15666,https://git.kernel.org/pub/scm/linux/kernel/git/torvalds/linux.git/diff/?id=b805d78d300bcf2c83d6df7da0c818b0fee41427,CVE-2020-0050,https://source.android.com/security/bulletin/pixel/2020-03-01
CVE-2019-17052,https://git.kernel.org/pub/scm/linux/kernel/git/torvalds/linux.git/diff/?id=0614e2b73768b502fc32a75349823356d98aae2c,CVE-2020-0050,https://source.android.com/security/bulletin/pixel/2020-03-01
CVE-2019-17052,https://git.kernel.org/pub/scm/linux/kernel/git/torvalds/linux.git/diff/?id=0edc3f703f7bcaf550774b5d43ab727bcd0fe06b,CVE-2020-0050,https://source.android.com/security/bulletin/pixel/2020-03-01
CVE-2019-19525,https://git.kernel.org/pub/scm/linux/kernel/git/torvalds/linux.git/diff/?id=7fd25e6fc035f4b04b75bca6d7e8daa069603a76,CVE-2020-0050,https://source.android.com/security/bulletin/pixel/2020-03-01
CVE-2020-0066,https://git.kernel.org/pub/scm/linux/kernel/git/stable/stable-queue.git/diff/?id=f177402a9d93beb7bbe3dbb09b75f0e14ad2297c,CVE-2020-0050,https://source.android.com/security/bulletin/pixel/2020-03-01
CVE-2019-10638,https://github.com/torvalds/linux/commit/355b98553789b646ed97ad801a619ff898471b92,CVE-2020-0050,https://source.android.com/security/bulletin/pixel/2020-03-01
CVE-2019-10638,https://github.com/torvalds/linux/commit/55f0fc7a02de8f12757f4937143d8d5091b2e40b,CVE-2020-0050,https://source.android.com/security/bulletin/pixel/2020-03-01
CVE-2019-10638,https://github.com/torvalds/linux/commit/df453700e8d81b1bdafdf684365ee2b9431fb702,CVE-2020-0050,https://source.android.com/security/bulletin/pixel/2020-03-01
CVE-2019-14283,https://git.kernel.org/pub/scm/linux/kernel/git/torvalds/linux.git/diff/?id=da99466ac243f15fbba65bd261bfc75ffa1532b6,CVE-2020-0050,https://source.android.com/security/bulletin/pixel/2020-03-01
CVE-2019-15090,https://git.kernel.org/pub/scm/linux/kernel/git/torvalds/linux.git/diff/?id=c09581a52765a85f19fc35340127396d5e3379cc,CVE-2020-0050,https://source.android.com/security/bulletin/pixel/2020-03-01
CVE-2019-15117,https://git.kernel.org/pub/scm/linux/kernel/git/tiwai/sound.git/diff/?id=daac07156b330b18eb5071aec4b3ddca1c377f2c,CVE-2020-0050,https://source.android.com/security/bulletin/pixel/2020-03-01
CVE-2019-15505,https://git.linuxtv.org/media_tree.git/diff/?id=0c4df39e504bf925ab666132ac3c98d6cbbe380b,CVE-2020-0050,https://source.android.com/security/bulletin/pixel/2020-03-01
CVE-2019-11477,https://git.kernel.org/pub/scm/linux/kernel/git/netdev/net.git/diff/?id=3b4929f65b0d8249f19a50245cd88ed1a2f78cff,CVE-2020-0050,https://source.android.com/security/bulletin/pixel/2020-03-01
CVE-2019-11478,https://git.kernel.org/pub/scm/linux/kernel/git/netdev/net.git/diff/?id=f070ef2ac66716357066b683fb0baf55f8191a2e,CVE-2020-0050,https://source.android.com/security/bulletin/pixel/2020-03-01
CVE-2019-11479,https://git.kernel.org/pub/scm/linux/kernel/git/netdev/net.git/diff/?id=5f3e2bf008c2221478101ee72f5cb4654b9fc363,CVE-2020-0050,https://source.android.com/security/bulletin/pixel/2020-03-01
CVE-2019-11479,https://git.kernel.org/pub/scm/linux/kernel/git/netdev/net.git/diff/?id=967c05aee439e6e5d7d805e195b3a20ef5c433d6,CVE-2020-0050,https://source.android.com/security/bulletin/pixel/2020-03-01
CVE-2019-2264,https://source.codeaurora.org/quic/la/kernel/msm-4.9/diff/?h=CogSystems-msm-49/msm-4.9&id=9fc8a558c08fc96956581bc79db04ef6459c4002,CVE-2020-0050,https://source.android.com/security/bulletin/pixel/2020-03-01
CVE-2019-10544,https://source.codeaurora.org/quic/la/kernel/msm-4.4/diff/?h=BosSen-msm-44/master&id=96eca370719871e5e3f65a62bd9f0d37cb389432,CVE-2020-0050,https://source.android.com/security/bulletin/pixel/2020-03-01
CVE-2019-10584,https://source.codeaurora.org/quic/la/kernel/msm-4.4/diff/?h=BosSen-msm-44/master&id=f1057f82fa62cca8315ea0fbb713fe1e92a409a8,CVE-2020-0050,https://source.android.com/security/bulletin/pixel/2020-03-01
CVE-2019-10584,https://source.codeaurora.org/quic/la/kernel/msm-4.9/diff/?h=CogSystems-msm-49/msm-4.9&id=909dc6d7c38b06f8622ab8ab45ba3eaf118a9644,CVE-2020-0050,https://source.android.com/security/bulletin/pixel/2020-03-01
CVE-2019-10623,https://source.codeaurora.org/quic/la/platform/vendor/qcom-opensource/wlan/qcacld-3.0/diff/?id=aaa0f882f6e4b8f6735798379facb08f2f5a17dd,CVE-2020-0050,https://source.android.com/security/bulletin/pixel/2020-03-01
CVE-2020-0074,https://android.googlesource.com/platform/frameworks/base/+/010524415762c8d2d1e14d2a22e21fcdc6725f65%5E%21/,CVE-2020-0074,https://source.android.com/security/bulletin/2020-09-01
CVE-2020-0074,https://android.googlesource.com/platform/frameworks/base/+/8640d0c78e8c1375d92b0aad1616a5ea4839fec7%5E%21/,CVE-2020-0074,https://source.android.com/security/bulletin/2020-09-01
CVE-2020-0388,https://android.googlesource.com/platform/frameworks/base/+/6967df740495b9b2b7a6bc357e656efa5390e050%5E%21/,CVE-2020-0074,https://source.android.com/security/bulletin/2020-09-01
CVE-2020-0391,https://android.googlesource.com/platform/frameworks/base/+/860fd4b6a2a4fe5d681bc07f2567fdc84f0d1580%5E%21/,CVE-2020-0074,https://source.android.com/security/bulletin/2020-09-01
CVE-2020-0401,https://android.googlesource.com/platform/frameworks/base/+/40ca8b51fa90457cc49b91eac00636d1626b3a1b%5E%21/,CVE-2020-0074,https://source.android.com/security/bulletin/2020-09-01
CVE-2020-0382,https://android.googlesource.com/platform/frameworks/base/+/a898d1198050c40b73f1467ea5adaf881f3d7961%5E%21/,CVE-2020-0074,https://source.android.com/security/bulletin/2020-09-01
CVE-2020-0382,https://android.googlesource.com/platform/frameworks/native/+/90f8249030e02080e937eeed12fc8c8c692bbc64%5E%21/,CVE-2020-0074,https://source.android.com/security/bulletin/2020-09-01
CVE-2020-0389,https://android.googlesource.com/platform/frameworks/base/+/6ae2bd0e59636254c32896f7f01379d1d704f42d%5E%21/,CVE-2020-0074,https://source.android.com/security/bulletin/2020-09-01
CVE-2020-0390,https://android.googlesource.com/platform/system/sepolicy/+/4c386e10c98b63cdb07bd940287e2cf1a63526c0%5E%21/,CVE-2020-0074,https://source.android.com/security/bulletin/2020-09-01
CVE-2020-0395,https://android.googlesource.com/platform/frameworks/opt/telephony/+/0126084de146b51a842d7604cddb3303f46cade7%5E%21/,CVE-2020-0074,https://source.android.com/security/bulletin/2020-09-01
CVE-2020-0395,https://android.googlesource.com/platform/packages/services/Telephony/+/11c41d321d0c2dc3631f37d2f8f3ebc745f454d2%5E%21/,CVE-2020-0074,https://source.android.com/security/bulletin/2020-09-01
CVE-2020-0397,https://android.googlesource.com/platform/frameworks/opt/telephony/+/0126084de146b51a842d7604cddb3303f46cade7%5E%21/,CVE-2020-0074,https://source.android.com/security/bulletin/2020-09-01
CVE-2020-0397,https://android.googlesource.com/platform/packages/services/Telephony/+/11c41d321d0c2dc3631f37d2f8f3ebc745f454d2%5E%21/,CVE-2020-0074,https://source.android.com/security/bulletin/2020-09-01
CVE-2020-0399,https://android.googlesource.com/platform/frameworks/opt/telephony/+/0126084de146b51a842d7604cddb3303f46cade7%5E%21/,CVE-2020-0074,https://source.android.com/security/bulletin/2020-09-01
CVE-2020-0399,https://android.googlesource.com/platform/packages/services/Telephony/+/4e6a25843d7ef14301eb8cb5985c84d54785fbc4%5E%21/,CVE-2020-0074,https://source.android.com/security/bulletin/2020-09-01
CVE-2020-0399,https://android.googlesource.com/platform/packages/services/Telephony/+/11c41d321d0c2dc3631f37d2f8f3ebc745f454d2%5E%21/,CVE-2020-0074,https://source.android.com/security/bulletin/2020-09-01
CVE-2020-0245,https://android.googlesource.com/platform/frameworks/av/+/b875a5fe0db2e2d4bf44746bb8ca4dc1e959925e%5E%21/,CVE-2020-0074,https://source.android.com/security/bulletin/2020-09-01
CVE-2020-0392,https://android.googlesource.com/platform/frameworks/native/+/927b3b120839954a575b4e8c498b1b4d4d375afa%5E%21/,CVE-2020-0074,https://source.android.com/security/bulletin/2020-09-01
CVE-2020-0381,https://android.googlesource.com/platform/external/sonivox/+/e689e94f3b7473497052e81d906a10a82407e559%5E%21/,CVE-2020-0074,https://source.android.com/security/bulletin/2020-09-01
CVE-2020-0383,https://android.googlesource.com/platform/external/sonivox/+/e689e94f3b7473497052e81d906a10a82407e559%5E%21/,CVE-2020-0074,https://source.android.com/security/bulletin/2020-09-01
CVE-2020-0384,https://android.googlesource.com/platform/external/sonivox/+/e689e94f3b7473497052e81d906a10a82407e559%5E%21/,CVE-2020-0074,https://source.android.com/security/bulletin/2020-09-01
CVE-2020-0385,https://android.googlesource.com/platform/external/sonivox/+/e689e94f3b7473497052e81d906a10a82407e559%5E%21/,CVE-2020-0074,https://source.android.com/security/bulletin/2020-09-01
CVE-2020-0393,https://android.googlesource.com/platform/frameworks/av/+/fa3781fe0fb654659634d7b4703b6ed2ae27fdeb%5E%21/,CVE-2020-0074,https://source.android.com/security/bulletin/2020-09-01
CVE-2020-0380,https://android.googlesource.com/platform/system/bt/+/59c234a8fddda37147bb3fe1dd3b3a668828bcab%5E%21/,CVE-2020-0074,https://source.android.com/security/bulletin/2020-09-01
CVE-2020-0396,https://android.googlesource.com/platform/frameworks/opt/telephony/+/21e03356b28be08e2d5aeac15a446f820f95fb70%5E%21/,CVE-2020-0074,https://source.android.com/security/bulletin/2020-09-01
CVE-2020-0396,https://android.googlesource.com/platform/frameworks/opt/telephony/+/e18b8b2dbb553caf3f8f14f40f6b8f7da50b6eff%5E%21/,CVE-2020-0074,https://source.android.com/security/bulletin/2020-09-01
CVE-2020-0396,https://android.googlesource.com/platform/frameworks/opt/telephony/+/08ba90fdc20cb8a1c2e6d25d88bda00217191e76%5E%21/,CVE-2020-0074,https://source.android.com/security/bulletin/2020-09-01
CVE-2020-0396,https://android.googlesource.com/platform/frameworks/opt/telephony/+/89763569eacb10c4043d8937c948130b1f816e79%5E%21/,CVE-2020-0074,https://source.android.com/security/bulletin/2020-09-01
CVE-2020-0396,https://android.googlesource.com/platform/frameworks/opt/telephony/+/ed0820373c236b4ef779653b08ea056e7325b0ed%5E%21/,CVE-2020-0074,https://source.android.com/security/bulletin/2020-09-01
CVE-2020-0396,https://android.googlesource.com/platform/frameworks/opt/telephony/+/76decc9e24f07f82af8953c80d2873020a771658%5E%21/,CVE-2020-0074,https://source.android.com/security/bulletin/2020-09-01
CVE-2020-0396,https://android.googlesource.com/platform/frameworks/opt/telephony/+/1e6c7f615eb78811b8ba3136c6f4a052ca3b6cf0%5E%21/,CVE-2020-0074,https://source.android.com/security/bulletin/2020-09-01
CVE-2020-0396,https://android.googlesource.com/platform/frameworks/opt/telephony/+/0126084de146b51a842d7604cddb3303f46cade7%5E%21/,CVE-2020-0074,https://source.android.com/security/bulletin/2020-09-01
CVE-2020-0396,https://android.googlesource.com/platform/packages/apps/Settings/+/f3afef8419de2910b03c3670ca25e63ac3c08407%5E%21/,CVE-2020-0074,https://source.android.com/security/bulletin/2020-09-01
CVE-2020-0386,https://android.googlesource.com/platform/packages/apps/Settings/+/ba7f6d7d45776254791dea3b1f5d2acc0dc9b2dd%5E%21/,CVE-2020-0074,https://source.android.com/security/bulletin/2020-09-01
CVE-2020-0394,https://android.googlesource.com/platform/packages/apps/Settings/+/f3afef8419de2910b03c3670ca25e63ac3c08407%5E%21/,CVE-2020-0074,https://source.android.com/security/bulletin/2020-09-01
CVE-2020-0379,https://android.googlesource.com/platform/system/bt/+/85b5df1d0dcc782ed5afc1dcf9247880416d5fbd%5E%21/,CVE-2020-0074,https://source.android.com/security/bulletin/2020-09-01
CVE-2019-19769,https://android.googlesource.com/kernel/common/+/dcf23ac3e846ca0cf626c155a0e3fcbbcf4fae8a%5E%21/,CVE-2020-0074,https://source.android.com/security/bulletin/2020-09-01
CVE-2019-19769,https://android.googlesource.com/kernel/common/+/6d390e4b5d48ec03bb87e63cf0a2bff5f4e116da%5E%21/,CVE-2020-0074,https://source.android.com/security/bulletin/2020-09-01
CVE-2020-0404,https://android.googlesource.com/kernel/common/+/68035c80e129%5E%21/,CVE-2020-0074,https://source.android.com/security/bulletin/2020-09-01
CVE-2019-10527,https://source.codeaurora.org/quic/la/kernel/msm-4.9/diff/?h=CogSystems-msm-49/msm-4.9&id=24159c63bd7893a6061a29e06e01b96f02543eb3,CVE-2020-0074,https://source.android.com/security/bulletin/2020-09-01
CVE-2019-10527,https://source.codeaurora.org/quic/la/kernel/msm-4.4/diff/?h=BosSen-msm-44/master&id=a160d9f3c524830346b7718d61d113896881f049,CVE-2020-0074,https://source.android.com/security/bulletin/2020-09-01
CVE-2019-10527,https://source.codeaurora.org/quic/la/kernel/msm-3.18/diff/?h=LA.BR.5.6&id=f5f749f071bb59e31e9b916df76d6b2f50ee084d,CVE-2020-0074,https://source.android.com/security/bulletin/2020-09-01
CVE-2019-14117,https://source.codeaurora.org/quic/la/kernel/msm-4.14/diff/?h=CogSystems-msm-414/msm-4.9&id=06d7c43e7e4e224ab96bb1e069d495a8dd95c60a,CVE-2020-0074,https://source.android.com/security/bulletin/2020-09-01
CVE-2020-3613,https://source.codeaurora.org/quic/la/kernel/msm-4.14/diff/?h=CogSystems-msm-414/msm-4.9&id=2c3343ea1d55542cb7a712eb40ff184245921bde,CVE-2020-0074,https://source.android.com/security/bulletin/2020-09-01
CVE-2020-3656,https://source.codeaurora.org/quic/la/kernel/msm-4.14/diff/?h=CogSystems-msm-414/msm-4.9&id=e98a048a50f022181e008c60fea0c9cdee83e05a,CVE-2020-0074,https://source.android.com/security/bulletin/2020-09-01
CVE-2020-11124,https://source.codeaurora.org/quic/la/kernel/msm-4.14/diff/?h=CogSystems-msm-414/msm-4.9&id=20205d9cd7980b2ae61696de971d729566c5f7cd,CVE-2020-0074,https://source.android.com/security/bulletin/2020-09-01
CVE-2020-0227,https://android.googlesource.com/platform/cts/+/4f7dc13067ab4aa4f0c3f5373ee0a28c0285eea1%5E%21/,CVE-2020-0107,https://source.android.com/security/bulletin/2020-07-01
CVE-2020-0227,https://android.googlesource.com/platform/cts/+/7d87a0e0a7bcda698b30957bce3c21d64a965e89%5E%21/,CVE-2020-0107,https://source.android.com/security/bulletin/2020-07-01
CVE-2020-0227,https://android.googlesource.com/platform/cts/+/8643636095dc9b3c70a62ef16f68df12dff67fe7%5E%21/,CVE-2020-0107,https://source.android.com/security/bulletin/2020-07-01
CVE-2020-0227,https://android.googlesource.com/platform/frameworks/base/+/84cccfe6cdbc57ee372ee1a0fea64c7a11c53766%5E%21/,CVE-2020-0107,https://source.android.com/security/bulletin/2020-07-01
CVE-2020-0227,https://android.googlesource.com/platform/frameworks/base/+/98f45443e1cf397ab92b4cecd9200c2dcccf099b%5E%21/,CVE-2020-0107,https://source.android.com/security/bulletin/2020-07-01
CVE-2020-0227,https://android.googlesource.com/platform/frameworks/base/+/b4aaa9d8adae5971f7f6589afc22008afa2f8d2b%5E%21/,CVE-2020-0107,https://source.android.com/security/bulletin/2020-07-01
CVE-2020-9589,https://android.googlesource.com/platform/external/dng_sdk/+/2e8f1f0dc5ca3db8a7035938752dd230608e17ab%5E%21/,CVE-2020-0107,https://source.android.com/security/bulletin/2020-07-01
CVE-2020-0226,https://android.googlesource.com/platform/frameworks/native/+/202515fbdb1281947323f45d3f1eb1ff3f501dda%5E%21/,CVE-2020-0107,https://source.android.com/security/bulletin/2020-07-01
CVE-2020-0224,https://android.googlesource.com/platform/external/chromium-libpac/+/59645d5417eaf1f79edfc2b800c94638965f4e38%5E%21/,CVE-2020-0107,https://source.android.com/security/bulletin/2020-07-01
CVE-2020-0224,https://android.googlesource.com/platform/external/v8/+/0815eb32f379006135b36c574d7a283dfb3620f6%5E%21/,CVE-2020-0107,https://source.android.com/security/bulletin/2020-07-01
CVE-2020-0225,https://android.googlesource.com/platform/system/bt/+/96392b0f2cfb2adc72cc7cad0d74dec8f4041582%5E%21/,CVE-2020-0107,https://source.android.com/security/bulletin/2020-07-01
CVE-2020-0107,https://android.googlesource.com/platform/packages/services/Telephony/+/a39e6c1efb02ff9c19fb91beae9b548f5c1ecc78%5E%21/,CVE-2020-0107,https://source.android.com/security/bulletin/2020-07-01
CVE-2020-0107,https://android.googlesource.com/platform/packages/services/Telephony/+/cfdfe3a8e0ff3f9951970ca69b56953f6bf49ec1%5E%21/,CVE-2020-0107,https://source.android.com/security/bulletin/2020-07-01
CVE-2018-20669,https://android.googlesource.com/kernel/common/+/594cc251fdd0d231d342d88b2fdff4bc42fb0690%5E%21/,CVE-2020-0107,https://source.android.com/security/bulletin/2020-07-01
CVE-2019-18282,https://android.googlesource.com/kernel/common/+/55667441c84fa5e0911a0aac44fb059c15ba6da2%5E%21/,CVE-2020-0107,https://source.android.com/security/bulletin/2020-07-01
CVE-2019-20636,https://android.googlesource.com/kernel/common/+/cb222aed03d798fc074be55e59d9a112338ee784%5E%21/,CVE-2020-0107,https://source.android.com/security/bulletin/2020-07-01
CVE-2020-3698,https://source.codeaurora.org/quic/la/platform/vendor/qcom-opensource/wlan/qcacld-3.0/diff/?id=df541cea94d83533ff8f34a9b8ae77964788b1c7,CVE-2020-0107,https://source.android.com/security/bulletin/2020-07-01
CVE-2020-3698,https://source.codeaurora.org/quic/la/platform/vendor/qcom-opensource/wlan/qcacld-3.0/diff/?id=e36b4ab592c58c030fd3d1591f3b288a8bc3e1fd,CVE-2020-0107,https://source.android.com/security/bulletin/2020-07-01
CVE-2020-3698,https://source.codeaurora.org/quic/la/platform/vendor/qcom-opensource/wlan/qcacld-3.0/diff/?id=4eb1c1dc9d80c19f2d0ce4a60a8e7b68bb8be7b9,CVE-2020-0107,https://source.android.com/security/bulletin/2020-07-01
CVE-2020-3699,https://source.codeaurora.org/quic/la/platform/vendor/qcom-opensource/wlan/qcacld-3.0/diff/?id=87baef651fcb908b334c0034e98adde90be848b0,CVE-2020-0107,https://source.android.com/security/bulletin/2020-07-01
CVE-2020-3699,https://source.codeaurora.org/quic/la/platform/vendor/qcom-opensource/wlan/qcacld-2.0/diff/?id=2bac56bde01272efe04ed2ed1ee9d98869488dcd,CVE-2020-0107,https://source.android.com/security/bulletin/2020-07-01
CVE-2019-10580,https://source.codeaurora.org/quic/la/kernel/msm-4.14/diff/?h=CogSystems-msm-414/msm-4.9&id=a215c96a48843a731efc084d25c680c1cdb3bde2,CVE-2020-0107,https://source.android.com/security/bulletin/2020-07-01
CVE-2020-3700,https://source.codeaurora.org/quic/la/platform/external/wpa_supplicant_8/diff/?h=CHSS.LNX_FSL.2.1_rb1.10&id=c8d215c57c049ed7015ded342ebaaef21b438425,CVE-2020-0107,https://source.android.com/security/bulletin/2020-07-01
CVE-2020-0114,https://android.googlesource.com/platform/frameworks/base/+/d16e86f466c2fc18448b654cbe71089c7fede991%5E%21/,CVE-2020-0113,https://source.android.com/security/bulletin/2020-06-01
CVE-2020-0115,https://android.googlesource.com/platform/frameworks/base/+/f4976307cec95e213cf0ad656dd3d34a311e55c5%5E%21/,CVE-2020-0113,https://source.android.com/security/bulletin/2020-06-01
CVE-2020-0121,https://android.googlesource.com/platform/frameworks/base/+/40473c4632a5e5803280058dfd29c3db7f13c406%5E%21/,CVE-2020-0113,https://source.android.com/security/bulletin/2020-06-01
CVE-2020-0121,https://android.googlesource.com/platform/frameworks/base/+/7f0136aac9fc6593c8a057c5e650293075335ebb%5E%21/,CVE-2020-0113,https://source.android.com/security/bulletin/2020-06-01
CVE-2020-0118,https://android.googlesource.com/platform/frameworks/native/+/4271f564399e35186473ccd2d70b45bb5038c97a%5E%21/,CVE-2020-0113,https://source.android.com/security/bulletin/2020-06-01
CVE-2020-0113,https://android.googlesource.com/platform/frameworks/av/+/cbbd7e06ac322f5f5e373be23379d06c10082864%5E%21/,CVE-2020-0113,https://source.android.com/security/bulletin/2020-06-01
CVE-2020-0117,https://android.googlesource.com/platform/system/bt/+/1570b62c88d7c5b9c6bfe43da8cc16ea30d3e8df%5E%21/,CVE-2020-0113,https://source.android.com/security/bulletin/2020-06-01
CVE-2020-8597,https://android.googlesource.com/platform/external/ppp/+/f9fec5c36952301e585a420f31e96d35a60d0498%5E%21/,CVE-2020-0113,https://source.android.com/security/bulletin/2020-06-01
CVE-2020-0116,https://android.googlesource.com/platform/frameworks/base/+/4bf1986a323ed8bdff7934a0f9df60e06c8745f6%5E%21/,CVE-2020-0113,https://source.android.com/security/bulletin/2020-06-01
CVE-2020-0119,https://android.googlesource.com/platform/frameworks/base/+/f5d301c277e64169ba173b0204dea1b2382876d8%5E%21/,CVE-2020-0113,https://source.android.com/security/bulletin/2020-06-01
CVE-2020-0119,https://android.googlesource.com/platform/frameworks/opt/net/wifi/+/924050178386e73cc459ec19e47afd7c304c4068%5E%21/,CVE-2020-0113,https://source.android.com/security/bulletin/2020-06-01
CVE-2019-9460,https://android.googlesource.com/platform/hardware/interfaces/+/c88c624e2e7f5f683d6381a8d5c96e58b0a85cb7%5E%21/,CVE-2020-0113,https://source.android.com/security/bulletin/2020-06-01
CVE-2020-8647,https://git.kernel.org/pub/scm/linux/kernel/git/torvalds/linux.git/diff/?id=513dc792d6060d5ef572e43852683097a8420f56,CVE-2020-0113,https://source.android.com/security/bulletin/2020-06-01
CVE-2020-8648,https://android.googlesource.com/kernel/common/+/07e6124a1a46%5E%21/,CVE-2020-0113,https://source.android.com/security/bulletin/2020-06-01
CVE-2020-8648,https://android.googlesource.com/kernel/common/+/e8c75a30a23c%5E%21/,CVE-2020-0113,https://source.android.com/security/bulletin/2020-06-01
CVE-2020-8648,https://android.googlesource.com/kernel/common/+/4b70dd57a15d%5E%21/,CVE-2020-0113,https://source.android.com/security/bulletin/2020-06-01
CVE-2020-8428,https://git.kernel.org/pub/scm/linux/kernel/git/torvalds/linux.git/diff/?id=d0cb50185ae942b03c4327be322055d622dc79f6,CVE-2020-0113,https://source.android.com/security/bulletin/2020-06-01
CVE-2020-8428,https://git.kernel.org/pub/scm/linux/kernel/git/torvalds/linux.git/diff/?id=6404674acd596de41fd3ad5f267b4525494a891a,CVE-2020-0113,https://source.android.com/security/bulletin/2020-06-01
CVE-2017-9704,https://source.codeaurora.org/quic/la/kernel/msm-3.18/diff/?h=LA.BR.5.6&id=25e0732943259a798be5203872010c343636a093,CVE-2020-0113,https://source.android.com/security/bulletin/2020-06-01
CVE-2017-9704,https://source.codeaurora.org/quic/la/kernel/msm-3.18/diff/?h=LA.BR.5.6&id=9a2bcabcb7bb10cb7693a498591d761c179dbb3c,CVE-2020-0113,https://source.android.com/security/bulletin/2020-06-01
CVE-2017-9704,https://source.codeaurora.org/quic/la/kernel/msm-3.18/diff/?h=LA.BR.5.6&id=3ce3b95ae04ba971367b5a1cf279a68946b1d141,CVE-2020-0113,https://source.android.com/security/bulletin/2020-06-01
CVE-2017-9704,https://source.codeaurora.org/quic/la/kernel/msm-3.18/diff/?h=LA.BR.5.6&id=63c0573ca7090556ebee9e1a195e0d70e933c0ec,CVE-2020-0113,https://source.android.com/security/bulletin/2020-06-01
CVE-2017-9704,https://source.codeaurora.org/quic/la/kernel/msm-3.18/diff/?h=LA.BR.5.6&id=f8737e6f304de1df5fd64ef13dfa7df6357d8908,CVE-2020-0113,https://source.android.com/security/bulletin/2020-06-01
CVE-2019-14047,https://source.codeaurora.org/quic/la/kernel/msm-4.9/diff/?h=CogSystems-msm-49/msm-4.9&id=e98691d8f5a08cf3af5037290767bdf22c9f1eb3,CVE-2020-0113,https://source.android.com/security/bulletin/2020-06-01
CVE-2019-14047,https://source.codeaurora.org/quic/la/kernel/msm-3.18/diff/?h=LA.BR.5.6&id=58432b5b0c92913738af33130903e8414fd990bd,CVE-2020-0113,https://source.android.com/security/bulletin/2020-06-01
CVE-2020-3665,https://source.codeaurora.org/quic/le/platform/vendor/qcom-opensource/wlan/qcacld-2.0/diff/?h=qcacld-2.0/CHSS.LNX_FSL.2.1_rb1.4&id=48b55d5182ec223d1e1f88dc1b7b7ef91f3459c8,CVE-2020-0113,https://source.android.com/security/bulletin/2020-06-01
CVE-2020-0166,https://android.googlesource.com/platform/frameworks/base/+/f35f2913f88610764efb8b4ac2db6bbf393326ee%5E%21/,CVE-2020-0124,https://source.android.com/security/bulletin/pixel/2020-06-01
CVE-2020-0187,https://android.googlesource.com/platform/external/bouncycastle/+/14ceec126e49f2f4748f0d540be820515cc725a6%5E%21/,CVE-2020-0124,https://source.android.com/security/bulletin/pixel/2020-06-01
CVE-2020-0124,https://android.googlesource.com/platform/frameworks/base/+/d9cb95d5c9f781357a726e1d2640563bf6c22d9d%5E%21/,CVE-2020-0124,https://source.android.com/security/bulletin/pixel/2020-06-01
CVE-2020-0124,https://android.googlesource.com/platform/art/+/1b536ca76e1c2af297f38ece2f8b1e3e1859c9df%5E%21/,CVE-2020-0124,https://source.android.com/security/bulletin/pixel/2020-06-01
CVE-2020-0124,https://android.googlesource.com/platform/frameworks/native/+/331ea664c89d24657a533aeb16952a47762bbc42%5E%21/,CVE-2020-0124,https://source.android.com/security/bulletin/pixel/2020-06-01
CVE-2020-0124,https://android.googlesource.com/platform/frameworks/base/+/d9cb95d5c9f781357a726e1d2640563bf6c22d9d%5E%21/,CVE-2020-0124,https://source.android.com/security/bulletin/pixel/2020-06-01
CVE-2020-0203,https://android.googlesource.com/platform/frameworks/base/+/c6a61a6b0ce93a5ede0842fdaefca73a1bf243a9%5E%21/,CVE-2020-0124,https://source.android.com/security/bulletin/pixel/2020-06-01
CVE-2020-0208,https://android.googlesource.com/platform/frameworks/base/+/a5fb0829d5aae26a5164fb132838a451d4cf8214%5E%21/,CVE-2020-0124,https://source.android.com/security/bulletin/pixel/2020-06-01
CVE-2020-0209,https://android.googlesource.com/platform/frameworks/base/+/a5fb0829d5aae26a5164fb132838a451d4cf8214%5E%21/,CVE-2020-0124,https://source.android.com/security/bulletin/pixel/2020-06-01
CVE-2020-0210,https://android.googlesource.com/platform/frameworks/base/+/a5fb0829d5aae26a5164fb132838a451d4cf8214%5E%21/,CVE-2020-0124,https://source.android.com/security/bulletin/pixel/2020-06-01
CVE-2020-0135,https://android.googlesource.com/platform/frameworks/base/+/cfad989c72d3f309ac56bd0db04bb748b09ddf03%5E%21/,CVE-2020-0124,https://source.android.com/security/bulletin/pixel/2020-06-01
CVE-2020-0167,https://android.googlesource.com/platform/frameworks/base/+/aff8e2d83d86abcfdef645712f77215fb3e239e9%5E%21/,CVE-2020-0124,https://source.android.com/security/bulletin/pixel/2020-06-01
CVE-2020-0213,https://android.googlesource.com/platform/external/libhevc/+/75db1b8e484ffd9256c553cb28dcd0b5d7a3c274%5E%21/,CVE-2020-0124,https://source.android.com/security/bulletin/pixel/2020-06-01
CVE-2019-13135,https://android.googlesource.com/platform/external/ImageMagick/+/2b5c0a93a867c6f46ba32ea89c1f7aef8ed44d38%5E%21/,CVE-2020-0124,https://source.android.com/security/bulletin/pixel/2020-06-01
CVE-2020-0131,https://android.googlesource.com/platform/frameworks/av/+/687d14d2fe23b87c584b41b01f24e3f2596baf18%5E%21/,CVE-2020-0124,https://source.android.com/security/bulletin/pixel/2020-06-01
CVE-2020-0168,https://android.googlesource.com/platform/external/libmpeg2/+/5c8de517396c1a3b5e12e6a345a8df78660cc2fc%5E%21/,CVE-2020-0124,https://source.android.com/security/bulletin/pixel/2020-06-01
CVE-2020-0190,https://android.googlesource.com/platform/external/libmpeg2/+/8ff92056d7958449e31b898bdda291cc162ec87e%5E%21/,CVE-2020-0124,https://source.android.com/security/bulletin/pixel/2020-06-01
CVE-2020-0190,https://android.googlesource.com/platform/external/libmpeg2/+/b09e66fd455a3b8f80b36406d3f270cec9c73f1c%5E%21/,CVE-2020-0124,https://source.android.com/security/bulletin/pixel/2020-06-01
CVE-2020-0194,https://android.googlesource.com/platform/external/libhevc/+/7dcf82ada45d3dfb6e0d77a066c619bb3a411238%5E%21/,CVE-2020-0124,https://source.android.com/security/bulletin/pixel/2020-06-01
CVE-2020-0126,https://android.googlesource.com/platform/frameworks/av/+/9b7a9fcfa3051d116a19f25368fccd4a623fe72d%5E%21/,CVE-2020-0124,https://source.android.com/security/bulletin/pixel/2020-06-01
CVE-2020-0179,https://android.googlesource.com/platform/frameworks/av/+/6111b2b92a1844f5796c718bf0736102b876c2b9%5E%21/,CVE-2020-0124,https://source.android.com/security/bulletin/pixel/2020-06-01
CVE-2020-0218 ,https://android.googlesource.com/platform/frameworks/av/+/c25b042720672d0943dec638b8287ab80bedbf5d%5E%21/,CVE-2020-0124,https://source.android.com/security/bulletin/pixel/2020-06-01
CVE-2020-0128,https://android.googlesource.com/platform/frameworks/av/+/2ba16f6134bd67e07ea0daa29aac5adb3155872b%5E%21/,CVE-2020-0124,https://source.android.com/security/bulletin/pixel/2020-06-01
CVE-2019-13136,https://android.googlesource.com/platform/hardware/nxp/nfc/+/9e2d8a17571c6a62cc6db669e51147582632bb0b%5E%21/,CVE-2020-0124,https://source.android.com/security/bulletin/pixel/2020-06-01
CVE-2019-13136,https://android.googlesource.com/platform/external/ImageMagick/+/2b5c0a93a867c6f46ba32ea89c1f7aef8ed44d38%5E%21/,CVE-2020-0124,https://source.android.com/security/bulletin/pixel/2020-06-01
CVE-2020-0127,https://android.googlesource.com/platform/frameworks/opt/net/voip/+/0fef164d3d1f5c4e963b8142c6f9bee2ab1becc8%5E%21/,CVE-2020-0124,https://source.android.com/security/bulletin/pixel/2020-06-01
CVE-2020-0132,https://android.googlesource.com/platform/frameworks/av/+/b00653c6d4d06736d208a6cacfeae50e886fce49%5E%21/,CVE-2020-0124,https://source.android.com/security/bulletin/pixel/2020-06-01
CVE-2020-0134,https://android.googlesource.com/platform/frameworks/av/+/bb907e884ad7fee3e7c4d8fa6df45fc2402b5c4a%5E%21/,CVE-2020-0124,https://source.android.com/security/bulletin/pixel/2020-06-01
CVE-2020-0141,https://android.googlesource.com/platform/frameworks/av/+/75b7bf70de4093eacdb1d59738deae2d7cca4a3b%5E%21/,CVE-2020-0124,https://source.android.com/security/bulletin/pixel/2020-06-01
CVE-2020-0151,https://android.googlesource.com/platform/external/avb/+/ab84f1361f164e2ff20564d2d2595497ddf80ce5%5E%21/,CVE-2020-0124,https://source.android.com/security/bulletin/pixel/2020-06-01
CVE-2020-0152,https://android.googlesource.com/platform/external/avb/+/ab84f1361f164e2ff20564d2d2595497ddf80ce5%5E%21/,CVE-2020-0124,https://source.android.com/security/bulletin/pixel/2020-06-01
CVE-2020-0180,https://android.googlesource.com/platform/frameworks/av/+/6b3b2f26fbbcf5ef5b41e00fc9c6bd4a164aa260%5E%21/,CVE-2020-0124,https://source.android.com/security/bulletin/pixel/2020-06-01
CVE-2020-0182,https://android.googlesource.com/platform/external/libexif/+/4b7b14770c4290eaeaebadf0e99ffdfdbd8f725c%5E%21/,CVE-2020-0124,https://source.android.com/security/bulletin/pixel/2020-06-01
CVE-2020-0191,https://android.googlesource.com/platform/external/libavc/+/f80afe5b98e6752ed89aef10b97863ad5db2401f%5E%21/,CVE-2020-0124,https://source.android.com/security/bulletin/pixel/2020-06-01
CVE-2020-0192,https://android.googlesource.com/platform/external/libavc/+/6dd54b9e180c838c82767878d10c9615af2c5866%5E%21/,CVE-2020-0124,https://source.android.com/security/bulletin/pixel/2020-06-01
CVE-2020-0193 ,https://android.googlesource.com/platform/external/libhevc/+/8d1f37478955b9d7abe5999df0511a9b9a50d95c%5E%21/,CVE-2020-0124,https://source.android.com/security/bulletin/pixel/2020-06-01
CVE-2020-0195,https://android.googlesource.com/platform/external/libhevc/+/fa84ffd2c71b0a4cf2557ada25a38e09cb14f051%5E%21/,CVE-2020-0124,https://source.android.com/security/bulletin/pixel/2020-06-01
CVE-2020-0197,https://android.googlesource.com/platform/frameworks/av/+/8e3f56b7f281a775620a9a502384cc4d87d63dfc%5E%21/,CVE-2020-0124,https://source.android.com/security/bulletin/pixel/2020-06-01
CVE-2020-0199,https://android.googlesource.com/platform/frameworks/av/+/cc8271ea111a2f2119684dafa80247fd45eb4d7a%5E%21/,CVE-2020-0124,https://source.android.com/security/bulletin/pixel/2020-06-01
CVE-2020-0200,https://android.googlesource.com/platform/external/libgav1/+/1ad26cf7c6a906a677ec5607e9591d4d29a4df7f%5E%21/,CVE-2020-0124,https://source.android.com/security/bulletin/pixel/2020-06-01
CVE-2020-0200,https://android.googlesource.com/platform/external/libgav1/+/db2d2274ffffe028673ffd9cfea14b88d6bce68e%5E%21/,CVE-2020-0124,https://source.android.com/security/bulletin/pixel/2020-06-01
CVE-2020-0200,https://android.googlesource.com/platform/external/libgav1/+/82f65a1c4a1edefdd322a58eb06c2233608c9b93%5E%21/,CVE-2020-0124,https://source.android.com/security/bulletin/pixel/2020-06-01
CVE-2020-0200,https://android.googlesource.com/platform/external/libgav1/+/712c276dc8abccd5dc11b4270b213d8711d18cd2%5E%21/,CVE-2020-0124,https://source.android.com/security/bulletin/pixel/2020-06-01
CVE-2020-0200,https://android.googlesource.com/platform/external/libgav1/+/ba339ef3a3f4b1b9126fa733eb23fea613b01256%5E%21/,CVE-2020-0124,https://source.android.com/security/bulletin/pixel/2020-06-01
CVE-2020-0205,https://android.googlesource.com/platform/external/libgav1/+/1ad26cf7c6a906a677ec5607e9591d4d29a4df7f%5E%21/,CVE-2020-0124,https://source.android.com/security/bulletin/pixel/2020-06-01
CVE-2020-0205,https://android.googlesource.com/platform/external/libgav1/+/db2d2274ffffe028673ffd9cfea14b88d6bce68e%5E%21/,CVE-2020-0124,https://source.android.com/security/bulletin/pixel/2020-06-01
CVE-2020-0205,https://android.googlesource.com/platform/external/libgav1/+/82f65a1c4a1edefdd322a58eb06c2233608c9b93%5E%21/,CVE-2020-0124,https://source.android.com/security/bulletin/pixel/2020-06-01
CVE-2020-0205,https://android.googlesource.com/platform/external/libgav1/+/712c276dc8abccd5dc11b4270b213d8711d18cd2%5E%21/,CVE-2020-0124,https://source.android.com/security/bulletin/pixel/2020-06-01
CVE-2020-0205,https://android.googlesource.com/platform/external/libgav1/+/ba339ef3a3f4b1b9126fa733eb23fea613b01256%5E%21/,CVE-2020-0124,https://source.android.com/security/bulletin/pixel/2020-06-01
CVE-2020-0207,https://android.googlesource.com/platform/external/libyuv/+/956052dd8b29293f117791e2c0d820ad5a6c55fd%5E%21/,CVE-2020-0124,https://source.android.com/security/bulletin/pixel/2020-06-01
CVE-2020-0211,https://android.googlesource.com/platform/external/libgav1/+/db2d2274ffffe028673ffd9cfea14b88d6bce68e%5E%21/,CVE-2020-0124,https://source.android.com/security/bulletin/pixel/2020-06-01
CVE-2020-0211,https://android.googlesource.com/platform/external/libgav1/+/1ad26cf7c6a906a677ec5607e9591d4d29a4df7f%5E%21/,CVE-2020-0124,https://source.android.com/security/bulletin/pixel/2020-06-01
CVE-2020-0211,https://android.googlesource.com/platform/external/libgav1/+/82f65a1c4a1edefdd322a58eb06c2233608c9b93%5E%21/,CVE-2020-0124,https://source.android.com/security/bulletin/pixel/2020-06-01
CVE-2020-0211,https://android.googlesource.com/platform/external/libgav1/+/712c276dc8abccd5dc11b4270b213d8711d18cd2%5E%21/,CVE-2020-0124,https://source.android.com/security/bulletin/pixel/2020-06-01
CVE-2020-0212,https://android.googlesource.com/platform/frameworks/av/+/c155398cd771afcc93b7a7acc02946b3596a78e6%5E%21/,CVE-2020-0124,https://source.android.com/security/bulletin/pixel/2020-06-01
CVE-2020-0160,https://android.googlesource.com/platform/frameworks/av/+/0db35529c7b1aaf7c08d59f22297781cf5195712%5E%21/,CVE-2020-0124,https://source.android.com/security/bulletin/pixel/2020-06-01
CVE-2020-0161 ,https://android.googlesource.com/platform/frameworks/av/+/ad90ca79ba8470d430032a188b6f76284f4aa9b8%5E%21/,CVE-2020-0124,https://source.android.com/security/bulletin/pixel/2020-06-01
CVE-2020-0162 ,https://android.googlesource.com/platform/frameworks/av/+/f562ce8410c5ffa9b28023006d20e03588e0c39d%5E%21/,CVE-2020-0124,https://source.android.com/security/bulletin/pixel/2020-06-01
CVE-2020-0163,https://android.googlesource.com/platform/frameworks/av/+/3f252fe9799ce4022db7768f63aa2d3acf7f82d6%5E%21/,CVE-2020-0124,https://source.android.com/security/bulletin/pixel/2020-06-01
CVE-2020-0163,https://android.googlesource.com/platform/frameworks/av/+/6081cd380a88f04a0f2667c0f557c936645564bd%5E%21/,CVE-2020-0124,https://source.android.com/security/bulletin/pixel/2020-06-01
CVE-2020-0169,https://android.googlesource.com/platform/cts/+/7f9e1dd397495e00337b7e910bd2fa1759ce9f86%5E%21/,CVE-2020-0124,https://source.android.com/security/bulletin/pixel/2020-06-01
CVE-2020-0169,https://android.googlesource.com/platform/frameworks/av/+/166a84bfe31457fe44dcb90294d33089d2a3f428%5E%21/,CVE-2020-0124,https://source.android.com/security/bulletin/pixel/2020-06-01
CVE-2020-0170,https://android.googlesource.com/platform/cts/+/7f9e1dd397495e00337b7e910bd2fa1759ce9f86%5E%21/,CVE-2020-0124,https://source.android.com/security/bulletin/pixel/2020-06-01
CVE-2020-0170,https://android.googlesource.com/platform/frameworks/av/+/166a84bfe31457fe44dcb90294d33089d2a3f428%5E%21/,CVE-2020-0124,https://source.android.com/security/bulletin/pixel/2020-06-01
CVE-2020-0171,https://android.googlesource.com/platform/cts/+/7f9e1dd397495e00337b7e910bd2fa1759ce9f86%5E%21/,CVE-2020-0124,https://source.android.com/security/bulletin/pixel/2020-06-01
CVE-2020-0171,https://android.googlesource.com/platform/frameworks/av/+/166a84bfe31457fe44dcb90294d33089d2a3f428%5E%21/,CVE-2020-0124,https://source.android.com/security/bulletin/pixel/2020-06-01
CVE-2020-0172,https://android.googlesource.com/platform/cts/+/7f9e1dd397495e00337b7e910bd2fa1759ce9f86%5E%21/,CVE-2020-0124,https://source.android.com/security/bulletin/pixel/2020-06-01
CVE-2020-0172,https://android.googlesource.com/platform/frameworks/av/+/166a84bfe31457fe44dcb90294d33089d2a3f428%5E%21/,CVE-2020-0124,https://source.android.com/security/bulletin/pixel/2020-06-01
CVE-2020-0173,https://android.googlesource.com/platform/cts/+/7f9e1dd397495e00337b7e910bd2fa1759ce9f86%5E%21/,CVE-2020-0124,https://source.android.com/security/bulletin/pixel/2020-06-01
CVE-2020-0173,https://android.googlesource.com/platform/frameworks/av/+/166a84bfe31457fe44dcb90294d33089d2a3f428%5E%21/,CVE-2020-0124,https://source.android.com/security/bulletin/pixel/2020-06-01
CVE-2020-0174,https://android.googlesource.com/platform/cts/+/7f9e1dd397495e00337b7e910bd2fa1759ce9f86%5E%21/,CVE-2020-0124,https://source.android.com/security/bulletin/pixel/2020-06-01
CVE-2020-0174,https://android.googlesource.com/platform/frameworks/av/+/166a84bfe31457fe44dcb90294d33089d2a3f428%5E%21/,CVE-2020-0124,https://source.android.com/security/bulletin/pixel/2020-06-01
CVE-2020-0175,https://android.googlesource.com/platform/frameworks/av/+/166a84bfe31457fe44dcb90294d33089d2a3f428%5E%21/,CVE-2020-0124,https://source.android.com/security/bulletin/pixel/2020-06-01
CVE-2020-0175,https://android.googlesource.com/platform/external/sonivox/+/40f23c8b514315113c3d790de09f63e816284538%5E%21/,CVE-2020-0124,https://source.android.com/security/bulletin/pixel/2020-06-01
CVE-2020-0181,https://android.googlesource.com/platform/external/libexif/+/f6c54954cbfc25eb73d2d2902f0597c0220174a4%5E%21/,CVE-2020-0124,https://source.android.com/security/bulletin/pixel/2020-06-01
CVE-2020-0184,https://android.googlesource.com/platform/external/libhevc/+/ae695cd67e7cd67df03ccf9afd0c014e73024fe6%5E%21/,CVE-2020-0124,https://source.android.com/security/bulletin/pixel/2020-06-01
CVE-2020-0189,https://android.googlesource.com/platform/external/libhevc/+/196e72450a1f01797c7f994d00752649407a8baa%5E%21/,CVE-2020-0124,https://source.android.com/security/bulletin/pixel/2020-06-01
CVE-2020-0198,https://android.googlesource.com/platform/external/libexif/+/1e187b62682ffab5003c702657d6d725b4278f16%5E%21/,CVE-2020-0124,https://source.android.com/security/bulletin/pixel/2020-06-01
CVE-2020-0215,https://android.googlesource.com/platform/packages/apps/Nfc/+/8a414674747f166171f68294836967660905d068%5E%21/,CVE-2020-0124,https://source.android.com/security/bulletin/pixel/2020-06-01
CVE-2020-0138,https://android.googlesource.com/platform/system/bt/+/aabb0a86b51c6b962656aac19a1ab36192a27e16%5E%21/,CVE-2020-0124,https://source.android.com/security/bulletin/pixel/2020-06-01
CVE-2020-0217,https://android.googlesource.com/platform/system/nfc/+/c309b35f064c320408a32e45d12b67840a7ecc13%5E%21/,CVE-2020-0124,https://source.android.com/security/bulletin/pixel/2020-06-01
CVE-2020-0129,https://android.googlesource.com/platform/system/bt/+/7362ab9353dc09de6f0bb1c598df1139c63ae0e1%5E%21/,CVE-2020-0124,https://source.android.com/security/bulletin/pixel/2020-06-01
CVE-2020-0133,https://android.googlesource.com/platform/packages/apps/Settings/+/0d9ad30b058c165882fc098aa0c0a80cd6f6b6ec%5E%21/,CVE-2020-0124,https://source.android.com/security/bulletin/pixel/2020-06-01
CVE-2020-0136,https://android.googlesource.com/platform/system/libhwbinder/+/b022196fb65be10e5aee7bd3d5cc14ab50bb9eef%5E%21/,CVE-2020-0124,https://source.android.com/security/bulletin/pixel/2020-06-01
CVE-2020-0136,https://android.googlesource.com/platform/frameworks/native/+/93fe51840ebf2e2ea0c29d3c5aa196e328129469%5E%21/,CVE-2020-0124,https://source.android.com/security/bulletin/pixel/2020-06-01
CVE-2020-0137,https://android.googlesource.com/platform/frameworks/base/+/678528ed42e98bb3e71d0efc6768ff881d04728c%5E%21/,CVE-2020-0124,https://source.android.com/security/bulletin/pixel/2020-06-01
CVE-2020-0150,https://android.googlesource.com/platform/system/nfc/+/df6cbcd43f913350125e50081e0f92b709c727b9%5E%21/,CVE-2020-0124,https://source.android.com/security/bulletin/pixel/2020-06-01
CVE-2020-0153,https://android.googlesource.com/platform/hardware/nxp/nfc/+/95ff95f8e286fc244d95bf8783410d03272c63a8%5E%21/,CVE-2020-0124,https://source.android.com/security/bulletin/pixel/2020-06-01
CVE-2020-0155,https://android.googlesource.com/platform/hardware/nxp/nfc/+/4e4e0923eb1841698ad539403b7c0687bb2920b0%5E%21/,CVE-2020-0124,https://source.android.com/security/bulletin/pixel/2020-06-01
CVE-2020-0165,https://android.googlesource.com/platform/hardware/nxp/nfc/+/9e2d8a17571c6a62cc6db669e51147582632bb0b%5E%21/,CVE-2020-0124,https://source.android.com/security/bulletin/pixel/2020-06-01
CVE-2020-0177,https://android.googlesource.com/platform/packages/apps/Bluetooth/+/5626dea3f8440ceb1d8ba75d03a57c892a6f4160%5E%21/,CVE-2020-0124,https://source.android.com/security/bulletin/pixel/2020-06-01
CVE-2020-0183,https://android.googlesource.com/platform/system/bt/+/f6275c697f7427edad7f59cf0493adfc85a2ebc0%5E%21/,CVE-2020-0124,https://source.android.com/security/bulletin/pixel/2020-06-01
CVE-2020-0183,https://android.googlesource.com/platform/packages/apps/Bluetooth/+/363c6e02b9dd76f242564de31433180302bb27de%5E%21/,CVE-2020-0124,https://source.android.com/security/bulletin/pixel/2020-06-01
CVE-2020-0183,https://android.googlesource.com/platform/frameworks/base/+/d61f3f9ce1df28e7d5be040550dfe95c57a4f0a0%5E%21/,CVE-2020-0124,https://source.android.com/security/bulletin/pixel/2020-06-01
CVE-2020-0186,https://android.googlesource.com/platform/hardware/st/nfc/+/1c99651802b551f31040ec0c1232b43f89732426%5E%21/,CVE-2020-0124,https://source.android.com/security/bulletin/pixel/2020-06-01
CVE-2020-0188,https://android.googlesource.com/platform/packages/apps/Settings/+/91399607febcdc5fa4a26de2e7a5f175653af89c%5E%21/,CVE-2020-0124,https://source.android.com/security/bulletin/pixel/2020-06-01
CVE-2020-0201,https://android.googlesource.com/platform/packages/apps/Settings/+/f3848729b416a20a3d5d4b1a8e5a8794f727cbdc%5E%21/,CVE-2020-0124,https://source.android.com/security/bulletin/pixel/2020-06-01
CVE-2020-0202,https://android.googlesource.com/platform/packages/apps/Traceur/+/c93f0a625ec8b711977bfed7d57ebe862c3cba0b%5E%21/,CVE-2020-0124,https://source.android.com/security/bulletin/pixel/2020-06-01
CVE-2020-0204,https://android.googlesource.com/platform/bootable/recovery/+/ba27adbbb6db81babc1ee3ac070ea6b6189dd2e1%5E%21/,CVE-2020-0124,https://source.android.com/security/bulletin/pixel/2020-06-01
CVE-2020-0216,https://android.googlesource.com/platform/packages/apps/Nfc/+/8888666b6e4612e94d43c1172f6a0f9528e64a32%5E%21/,CVE-2020-0124,https://source.android.com/security/bulletin/pixel/2020-06-01
CVE-2020-0219,https://android.googlesource.com/platform/packages/apps/Settings/+/f8396c5cc0293d7231a3e73dc9b09718d25b65ed%5E%21/,CVE-2020-0124,https://source.android.com/security/bulletin/pixel/2020-06-01
CVE-2020-0139,https://android.googlesource.com/platform/system/nfc/+/ca2f591f90ddfda6c9f4d9d19d751a34e9704f13%5E%21/,CVE-2020-0124,https://source.android.com/security/bulletin/pixel/2020-06-01
CVE-2020-0140,https://android.googlesource.com/platform/system/nfc/+/afd41fb6681d0d7550f8fea91e4104db05248aea%5E%21/,CVE-2020-0124,https://source.android.com/security/bulletin/pixel/2020-06-01
CVE-2020-0142,https://android.googlesource.com/platform/system/nfc/+/7cd831f7b3bd1e6e6f99edcb6481f09f93f22351%5E%21/,CVE-2020-0124,https://source.android.com/security/bulletin/pixel/2020-06-01
CVE-2020-0143,https://android.googlesource.com/platform/system/nfc/+/97d2416a6b2c29a55af0fd33964f5c1f643fabce%5E%21/,CVE-2020-0124,https://source.android.com/security/bulletin/pixel/2020-06-01
CVE-2020-0144,https://android.googlesource.com/platform/system/bt/+/1afad0579dc76ff04c19169453e76b6617f573f5%5E%21/,CVE-2020-0124,https://source.android.com/security/bulletin/pixel/2020-06-01
CVE-2020-0145,https://android.googlesource.com/platform/system/bt/+/1afad0579dc76ff04c19169453e76b6617f573f5%5E%21/,CVE-2020-0124,https://source.android.com/security/bulletin/pixel/2020-06-01
CVE-2020-0146,https://android.googlesource.com/platform/system/bt/+/1afad0579dc76ff04c19169453e76b6617f573f5%5E%21/,CVE-2020-0124,https://source.android.com/security/bulletin/pixel/2020-06-01
CVE-2020-0147,https://android.googlesource.com/platform/system/bt/+/1afad0579dc76ff04c19169453e76b6617f573f5%5E%21/,CVE-2020-0124,https://source.android.com/security/bulletin/pixel/2020-06-01
CVE-2020-0148,https://android.googlesource.com/platform/system/bt/+/1afad0579dc76ff04c19169453e76b6617f573f5%5E%21/,CVE-2020-0124,https://source.android.com/security/bulletin/pixel/2020-06-01
CVE-2020-0149,https://android.googlesource.com/platform/system/bt/+/1afad0579dc76ff04c19169453e76b6617f573f5%5E%21/,CVE-2020-0124,https://source.android.com/security/bulletin/pixel/2020-06-01
CVE-2020-0154,https://android.googlesource.com/platform/system/nfc/+/3f1ae1a26e11944a4e21f369f1e1351722ca7942%5E%21/,CVE-2020-0124,https://source.android.com/security/bulletin/pixel/2020-06-01
CVE-2020-0156,https://android.googlesource.com/platform/hardware/nxp/nfc/+/6ece5eb6ee400b4b263ab9409b92527f21fb063a%5E%21/,CVE-2020-0124,https://source.android.com/security/bulletin/pixel/2020-06-01
CVE-2020-0157,https://android.googlesource.com/platform/system/nfc/+/c3a2dab1a0153de251fb7142dda227dab01ab12b%5E%21/,CVE-2020-0124,https://source.android.com/security/bulletin/pixel/2020-06-01
CVE-2020-0158,https://android.googlesource.com/platform/system/nfc/+/0e108e626d7399f89a4bb0c4f1e782490dd2deb3%5E%21/,CVE-2020-0124,https://source.android.com/security/bulletin/pixel/2020-06-01
CVE-2020-0159,https://android.googlesource.com/platform/system/nfc/+/bdb74421e9382d4aa3d0ebebf5ed81693ee64071%5E%21/,CVE-2020-0124,https://source.android.com/security/bulletin/pixel/2020-06-01
CVE-2020-0164,https://android.googlesource.com/platform/hardware/nxp/nfc/+/9e2d8a17571c6a62cc6db669e51147582632bb0b%5E%21/,CVE-2020-0124,https://source.android.com/security/bulletin/pixel/2020-06-01
CVE-2020-0176,https://android.googlesource.com/platform/system/bt/+/315848a18ff5c31962d70ff3ef7878b46c1f27bf%5E%21/,CVE-2020-0124,https://source.android.com/security/bulletin/pixel/2020-06-01
CVE-2020-0178,https://android.googlesource.com/platform/frameworks/base/+/eb2116bd30a5c8ce2f120f3ccd341ce42009b392%5E%21/,CVE-2020-0124,https://source.android.com/security/bulletin/pixel/2020-06-01
CVE-2020-0185 ,https://android.googlesource.com/platform/system/bt/+/9098e2a33685ba6795e7a26edf5faf89ad80f877%5E%21/,CVE-2020-0124,https://source.android.com/security/bulletin/pixel/2020-06-01
CVE-2020-0214,https://android.googlesource.com/platform/system/nfc/+/320e762a3da100b9f3fa17d0ae1b4a6641bdcce8%5E%21/,CVE-2020-0124,https://source.android.com/security/bulletin/pixel/2020-06-01
CVE-2019-16275,https://android.googlesource.com/platform/external/wpa_supplicant_8/+/7899587b4b28e85da84f856ee0c79b23955539d6%5E%21/,CVE-2020-0124,https://source.android.com/security/bulletin/pixel/2020-06-01
CVE-2020-0196,https://android.googlesource.com/platform/system/bt/+/90786209749a5b3523adc25769e9d15bb475f3aa%5E%21/,CVE-2020-0124,https://source.android.com/security/bulletin/pixel/2020-06-01
CVE-2020-0206,https://android.googlesource.com/platform/packages/apps/Settings/+/59f734298665ea973df7fea98bb77671100ceb54%5E%21/,CVE-2020-0124,https://source.android.com/security/bulletin/pixel/2020-06-01
CVE-2019-17666,https://android.googlesource.com/kernel/common/+/1b940dd55d42%5E%21/,CVE-2020-0124,https://source.android.com/security/bulletin/pixel/2020-06-01
CVE-2019-18683,https://android.googlesource.com/kernel/common/+/4a2c9b037a08%5E%21/,CVE-2020-0124,https://source.android.com/security/bulletin/pixel/2020-06-01
CVE-2019-19526,https://android.googlesource.com/kernel/common/+/6af3aa57a098%5E%21/,CVE-2020-0124,https://source.android.com/security/bulletin/pixel/2020-06-01
CVE-2019-19529,https://git.kernel.org/pub/scm/linux/kernel/git/torvalds/linux.git/diff/?id=4d6636498c41891d0482a914dd570343a838ad79,CVE-2020-0124,https://source.android.com/security/bulletin/pixel/2020-06-01
CVE-2019-19543,https://git.kernel.org/pub/scm/linux/kernel/git/torvalds/linux.git/diff/?id=56cd26b618855c9af48c8301aa6754ced8dd0beb,CVE-2020-0124,https://source.android.com/security/bulletin/pixel/2020-06-01
CVE-2019-19767,https://github.com/torvalds/linux/commit/4ea99936a1630f51fc3a2d61a58ec4a1c4b7d55a,CVE-2020-0124,https://source.android.com/security/bulletin/pixel/2020-06-01
CVE-2020-0305,https://android.googlesource.com/kernel/common/+/68faa679b8be1a74e6663c21c3a9d25d3%5E%21/,CVE-2020-0124,https://source.android.com/security/bulletin/pixel/2020-06-01
CVE-2019-18786,https://android.googlesource.com/kernel/common/+/3feec8968211%5E%21/,CVE-2020-0124,https://source.android.com/security/bulletin/pixel/2020-06-01
CVE-2019-19071,https://github.com/torvalds/linux/commit/d563131ef23cbc756026f839a82598c8445bc45f,CVE-2020-0124,https://source.android.com/security/bulletin/pixel/2020-06-01
CVE-2019-10501,https://source.codeaurora.org/quic/la/platform/hardware/qcom/audio/diff/?id=3b7089ae44fb02dd603ec2acacc0d86e4baa5c67,CVE-2020-0124,https://source.android.com/security/bulletin/pixel/2020-06-01
CVE-2019-10626,https://source.codeaurora.org/quic/la/platform/vendor/opensource/audio-kernel/diff/?h=LA.AU.0.0.1_rb1.22&id=6356fbbc1c2aa6bac2082a1f9e0ebe9efee4baff,CVE-2020-0124,https://source.android.com/security/bulletin/pixel/2020-06-01
CVE-2019-10626,https://source.codeaurora.org/quic/la/kernel/msm-4.4/diff/?h=BosSen-msm-44/master&id=88c1b337920ea92b3f620e629215fb6a4f6236c9,CVE-2020-0124,https://source.android.com/security/bulletin/pixel/2020-06-01
CVE-2019-14091,https://source.codeaurora.org/quic/la/kernel/msm-4.14/diff/?h=CogSystems-msm-414/msm-4.9&id=3c0bb7f49d2abe31e7fa30026a68dbcdd4aae060,CVE-2020-0124,https://source.android.com/security/bulletin/pixel/2020-06-01
CVE-2019-14895,https://android.googlesource.com/kernel/common/+/c2544fb30080aecc%5E%21/,CVE-2020-0427,https://source.android.com/security/bulletin/pixel/2020-09-01
CVE-2019-14896,https://android.googlesource.com/kernel/common/+/5cdd9e0e7ee99caf59ad54fa833eeb6033386875%5E%21/,CVE-2020-0427,https://source.android.com/security/bulletin/pixel/2020-09-01
CVE-2019-14901,https://android.googlesource.com/kernel/common/+/ec3bb975c601%5E%21/,CVE-2020-0427,https://source.android.com/security/bulletin/pixel/2020-09-01
CVE-2020-0430,https://android.googlesource.com/kernel/common/+/7fed98f4%5E%21/,CVE-2020-0427,https://source.android.com/security/bulletin/pixel/2020-09-01
CVE-2020-0431,https://android.googlesource.com/kernel/common/+/cb0a3edf8d00%5E%21/,CVE-2020-0427,https://source.android.com/security/bulletin/pixel/2020-09-01
CVE-2020-0432,https://android.googlesource.com/kernel/common/+/d66184791ec81952256d1486e29378b0178bee23%5E%21/,CVE-2020-0427,https://source.android.com/security/bulletin/pixel/2020-09-01
CVE-2020-0433,https://android.googlesource.com/kernel/common/+/574eb136ec7f%5E%21/,CVE-2020-0427,https://source.android.com/security/bulletin/pixel/2020-09-01
CVE-2020-0433,https://android.googlesource.com/kernel/common/+/f46117cb82fd%5E%21/,CVE-2020-0427,https://source.android.com/security/bulletin/pixel/2020-09-01
CVE-2020-0433,https://android.googlesource.com/kernel/common/+/b609c7cecb71%5E%21/,CVE-2020-0427,https://source.android.com/security/bulletin/pixel/2020-09-01
CVE-2020-0433,https://android.googlesource.com/kernel/common/+/f530afb974c2%5E%21/,CVE-2020-0427,https://source.android.com/security/bulletin/pixel/2020-09-01
CVE-2020-0433,https://android.googlesource.com/kernel/common/+/d4d74449367e%5E%21/,CVE-2020-0427,https://source.android.com/security/bulletin/pixel/2020-09-01
CVE-2020-0433,https://android.googlesource.com/kernel/common/+/6754baabb890%5E%21/,CVE-2020-0427,https://source.android.com/security/bulletin/pixel/2020-09-01
CVE-2020-0433,https://android.googlesource.com/kernel/common/+/5fb835b9561f%5E%21/,CVE-2020-0427,https://source.android.com/security/bulletin/pixel/2020-09-01
CVE-2020-0433,https://android.googlesource.com/kernel/common/+/f06f7a923d1d%5E%21/,CVE-2020-0427,https://source.android.com/security/bulletin/pixel/2020-09-01
CVE-2020-0433,https://android.googlesource.com/kernel/common/+/fa9355afd5b0%5E%21/,CVE-2020-0427,https://source.android.com/security/bulletin/pixel/2020-09-01
CVE-2020-0433,https://android.googlesource.com/kernel/common/+/4764810c4544%5E%21/,CVE-2020-0427,https://source.android.com/security/bulletin/pixel/2020-09-01
CVE-2020-0435,https://android.googlesource.com/kernel/common/+/d7d9d29a837358636e12fe09c90a7882b53b2220%5E%21/,CVE-2020-0427,https://source.android.com/security/bulletin/pixel/2020-09-01
CVE-2020-7053,https://android.googlesource.com/kernel/common/+/7dc40713618c884b%5E%21/,CVE-2020-0427,https://source.android.com/security/bulletin/pixel/2020-09-01
CVE-2020-8649,https://android.googlesource.com/kernel/common/+/1855aaccd74c%5E%21/,CVE-2020-0427,https://source.android.com/security/bulletin/pixel/2020-09-01
CVE-2020-11609,https://android.googlesource.com/kernel/common/+/485b06aadb933190f4bc44e006076bc27a23f205%5E%21/,CVE-2020-0427,https://source.android.com/security/bulletin/pixel/2020-09-01
CVE-2020-12114,https://android.googlesource.com/kernel/common/+/91e997939dda%5E%21/,CVE-2020-0427,https://source.android.com/security/bulletin/pixel/2020-09-01
CVE-2020-12826,https://android.googlesource.com/kernel/common/+/d1e7fd6462ca9fc76650fbe6ca800e35b24267da%5E%21/,CVE-2020-0427,https://source.android.com/security/bulletin/pixel/2020-09-01
CVE-2020-12826,https://android.googlesource.com/kernel/common/+/28c63ef17d620f0e95458c56c5d839ea3de3e500%5E%21/,CVE-2020-0427,https://source.android.com/security/bulletin/pixel/2020-09-01
CVE-2019-5489,https://android.googlesource.com/kernel/common/+/30bac164aca7%5E%21/,CVE-2020-0427,https://source.android.com/security/bulletin/pixel/2020-09-01
CVE-2019-5489,https://android.googlesource.com/kernel/common/+/134fca9063ad%5E%21/,CVE-2020-0427,https://source.android.com/security/bulletin/pixel/2020-09-01
CVE-2020-0427,https://android.googlesource.com/kernel/common/+/437a2a739c5f6f637ac29c0c613d2fbc791597c4%5E%21/,CVE-2020-0427,https://source.android.com/security/bulletin/pixel/2020-09-01
CVE-2019-10519,https://source.codeaurora.org/quic/la/kernel/msm-3.10/diff/?h=APSS.FSM.3.0&id=95599020931debc4da215f6cc173b01c0f75c4ee,CVE-2020-0427,https://source.android.com/security/bulletin/pixel/2020-09-01
CVE-2019-10521,https://source.codeaurora.org/quic/le/platform/hardware/qcom/gps/diff/?id=4788c8a1ee32619f59752d9068df2f5d316819eb,CVE-2020-0427,https://source.android.com/security/bulletin/pixel/2020-09-01
CVE-2019-10564,https://source.codeaurora.org/quic/la/kernel/msm-4.14/diff/?h=CogSystems-msm-414/msm-4.9&id=53a55fb72a89684035b6b5533943f8c1769f439d,CVE-2020-0427,https://source.android.com/security/bulletin/pixel/2020-09-01
CVE-2019-14099,https://source.codeaurora.org/quic/la/kernel/msm-4.9/diff/?h=CogSystems-msm-49/msm-4.9&id=8ce459a901ffa7a8950e164c0bccb9e956f8f7f3,CVE-2020-0427,https://source.android.com/security/bulletin/pixel/2020-09-01
CVE-2019-14099,https://source.codeaurora.org/quic/la/kernel/msm-4.9/diff/?h=CogSystems-msm-49/msm-4.9&id=b3af813578c1bbda73f01e776498853deb445fd0,CVE-2020-0427,https://source.android.com/security/bulletin/pixel/2020-09-01
CVE-2019-14099,https://source.codeaurora.org/quic/la/kernel/msm-4.9/diff/?h=CogSystems-msm-49/msm-4.9&id=c8995022daf5cd3cc0c90a75,CVE-2020-0427,https://source.android.com/security/bulletin/pixel/2020-09-01
CVE-2019-2284,https://source.codeaurora.org/quic/la/kernel/msm-4.14/diff/?h=CogSystems-msm-414/msm-4.9&id=9507b8549ca6466b1a71147d1d69a998e31c6de2,CVE-2020-0427,https://source.android.com/security/bulletin/pixel/2020-09-01
CVE-2020-3674,https://source.codeaurora.org/quic/la/kernel/msm-4.14/diff/?h=CogSystems-msm-414/msm-4.9&id=ef44a87dc872a945d31eb9199895e460646ac946,CVE-2020-0427,https://source.android.com/security/bulletin/pixel/2020-09-01
CVE-2020-0556,https://patchwork.kernel.org/project/bluetooth/patch/20200310023516.209146-2-alainm@chromium.org/,CVE-2020-0556,https://www.intel.com/content/www/us/en/security-center/advisory/intel-sa-00352.html
CVE-2020-0556,https://patchwork.kernel.org/project/bluetooth/patch/20200310023516.209146-3-alainm@chromium.org/,CVE-2020-0556,https://www.intel.com/content/www/us/en/security-center/advisory/intel-sa-00352.html
CVE-2020-0570,https://code.qt.io/cgit/qt/qtbase.git/diff/?id=e6f1fde24f77f63fb16b2df239f82a89d2bf05dd,CVE-2020-0570,https://bugzilla.redhat.com/show_bug.cgi?id=1800604
CVE-2020-10019,https://github.com/zephyrproject-rtos/zephyr/pull/23190/commits/8183a87931538650f09c00d8d51fbc2236600646,CVE-2020-10019,https://github.com/zephyrproject-rtos/zephyr/pull/23190
CVE-2020-10019,https://github.com/zephyrproject-rtos/zephyr/pull/23457/commits/7da0454ad72912fab6e7988b8fe11b93dd45c954,CVE-2020-10019,https://github.com/zephyrproject-rtos/zephyr/pull/23457
CVE-2020-10019,https://github.com/zephyrproject-rtos/zephyr/pull/23460/commits/63588a698e6100122dea9965254498d3b5e7a05a,CVE-2020-10019,https://github.com/zephyrproject-rtos/zephyr/pull/23460
CVE-2020-10021,https://github.com/zephyrproject-rtos/zephyr/pull/23240/files,CVE-2020-10021,https://github.com/zephyrproject-rtos/zephyr/pull/23240
CVE-2020-10021,https://github.com/zephyrproject-rtos/zephyr/pull/23455/files,CVE-2020-10021,https://github.com/zephyrproject-rtos/zephyr/pull/23455
CVE-2020-10021,https://github.com/zephyrproject-rtos/zephyr/pull/23456/files,CVE-2020-10021,https://github.com/zephyrproject-rtos/zephyr/pull/23456
CVE-2020-10022,https://github.com/zephyrproject-rtos/zephyr/pull/24065/files,CVE-2020-10022,https://github.com/zephyrproject-rtos/zephyr/pull/24065
CVE-2020-10022,https://github.com/zephyrproject-rtos/zephyr/pull/24066/files,CVE-2020-10022,https://github.com/zephyrproject-rtos/zephyr/pull/24066
CVE-2020-10022,https://github.com/zephyrproject-rtos/zephyr/pull/24154/files,CVE-2020-10022,https://github.com/zephyrproject-rtos/zephyr/pull/24154
CVE-2020-10023,https://github.com/zephyrproject-rtos/zephyr/pull/23304/files,CVE-2020-10023,https://github.com/zephyrproject-rtos/zephyr/pull/23304
CVE-2020-10023,https://github.com/zephyrproject-rtos/zephyr/pull/23646/files,CVE-2020-10023,https://github.com/zephyrproject-rtos/zephyr/pull/23646
CVE-2020-10023,https://github.com/zephyrproject-rtos/zephyr/pull/23649/files,CVE-2020-10023,https://github.com/zephyrproject-rtos/zephyr/pull/23649
CVE-2020-10024,https://github.com/zephyrproject-rtos/zephyr/pull/23323/files,CVE-2020-10024,https://github.com/zephyrproject-rtos/zephyr/pull/23323
CVE-2020-10024,https://github.com/zephyrproject-rtos/zephyr/pull/23498/files,CVE-2020-10024,https://github.com/zephyrproject-rtos/zephyr/pull/23498
CVE-2020-10024,https://github.com/zephyrproject-rtos/zephyr/pull/23535/files,CVE-2020-10024,https://github.com/zephyrproject-rtos/zephyr/pull/23535
CVE-2020-10027,https://github.com/zephyrproject-rtos/zephyr/pull/23328/files,CVE-2020-10027,https://github.com/zephyrproject-rtos/zephyr/pull/23328
CVE-2020-10027,https://github.com/zephyrproject-rtos/zephyr/pull/23499/files,CVE-2020-10027,https://github.com/zephyrproject-rtos/zephyr/pull/23499
CVE-2020-10027,https://github.com/zephyrproject-rtos/zephyr/pull/23500/files,CVE-2020-10027,https://github.com/zephyrproject-rtos/zephyr/pull/23500
CVE-2020-10028,https://github.com/zephyrproject-rtos/zephyr/pull/23308/files,CVE-2020-10028,https://github.com/zephyrproject-rtos/zephyr/pull/23308
CVE-2020-10028,https://github.com/zephyrproject-rtos/zephyr/pull/23733/files,CVE-2020-10028,https://github.com/zephyrproject-rtos/zephyr/pull/23733
CVE-2020-10028,https://github.com/zephyrproject-rtos/zephyr/pull/23737/files,CVE-2020-10028,https://github.com/zephyrproject-rtos/zephyr/pull/23737
CVE-2020-10029,https://sourceware.org/git/?p=glibc.git;a=commitdiff;h=9333498794cde1d5cca518badf79533a24114b6f,CVE-2020-10029,https://sourceware.org/git/gitweb.cgi?p=glibc.git;a=commit;h=9333498794cde1d5cca518badf79533a24114b6f
CVE-2020-10058,https://github.com/zephyrproject-rtos/zephyr/pull/23308/files,CVE-2020-10058,https://github.com/zephyrproject-rtos/zephyr/pull/23308
CVE-2020-10058,https://github.com/zephyrproject-rtos/zephyr/pull/23748/files,CVE-2020-10058,https://github.com/zephyrproject-rtos/zephyr/pull/23748
CVE-2020-10059,https://github.com/zephyrproject-rtos/zephyr/pull/24954/files,CVE-2020-10059,https://github.com/zephyrproject-rtos/zephyr/pull/24954
CVE-2020-10059,https://github.com/zephyrproject-rtos/zephyr/pull/24997/files,CVE-2020-10059,https://github.com/zephyrproject-rtos/zephyr/pull/24997
CVE-2020-10059,https://github.com/zephyrproject-rtos/zephyr/pull/24999/files,CVE-2020-10059,https://github.com/zephyrproject-rtos/zephyr/pull/24999
CVE-2020-10061,https://github.com/zephyrproject-rtos/zephyr/pull/23091/files,CVE-2020-10061,https://github.com/zephyrproject-rtos/zephyr/pull/23091
CVE-2020-10061,https://github.com/zephyrproject-rtos/zephyr/pull/23516/files,CVE-2020-10061,https://github.com/zephyrproject-rtos/zephyr/pull/23516
CVE-2020-10061,https://github.com/zephyrproject-rtos/zephyr/pull/23517/files,CVE-2020-10061,https://github.com/zephyrproject-rtos/zephyr/pull/23517
CVE-2020-10061,https://github.com/zephyrproject-rtos/zephyr/pull/23547/files,CVE-2020-10061,https://github.com/zephyrproject-rtos/zephyr/pull/23547
CVE-2020-10062,https://github.com/zephyrproject-rtos/zephyr/pull/23821/files,CVE-2020-10062,https://github.com/zephyrproject-rtos/zephyr/pull/23821/commits/11b7a37d9a0b438270421b224221d91929843de4
